"Activity ID","Meeting Time","Meeting Days","Building","Room"
"2023:4:CSE:121:A","11:30 AM - 12:20 PM","WF","KNE","130"
"2023:4:CSE:121:AA","8:30 AM - 9:20 AM","TTh","MGH","288"
"2023:4:CSE:121:AB","9:30 AM - 10:20 AM","TTh","MGH","074"
"2023:4:CSE:121:AC","10:30 AM - 11:20 AM","TTh","MGH","074"
"2023:4:CSE:121:AD","11:30 AM - 12:20 PM","TTh","MGH","082A"
"2023:4:CSE:121:AE","12:30 PM - 1:20 PM","TTh","MGH","082A"
"2023:4:CSE:121:AF","1:30 PM - 2:20 PM","TTh","MGH","231"
"2023:4:CSE:121:AG","2:30 PM - 3:20 PM","TTh","ART","317"
"2023:4:CSE:121:AH","3:30 PM - 4:20 PM","TTh","ART","004"
"2023:4:CSE:121:AI","8:30 AM - 9:20 AM","TTh","MGH","284"
"2023:4:CSE:121:AJ","9:30 AM - 10:20 AM","TTh","MGH","082A"
"2023:4:CSE:121:AK","10:30 AM - 11:20 AM","TTh","LOW","118"
"2023:4:CSE:121:AL","11:30 AM - 12:20 PM","TTh","LOW","201"
"2023:4:CSE:121:AM","12:30 PM - 1:20 PM","TTh","LOW","114"
"2023:4:CSE:121:AN","1:30 PM - 2:20 PM","TTh","MGH","082A"
"2023:4:CSE:121:AO","2:30 PM - 3:20 PM","TTh","ECE","003"
"2023:4:CSE:121:AP","3:30 PM - 4:20 PM","TTh","ART","006"
"2023:4:CSE:121:AQ","8:30 AM - 9:20 AM","TTh","MGH","251"
"2023:4:CSE:121:AR","9:30 AM - 10:20 AM","TTh","LOW","118"
"2023:4:CSE:121:AS","10:30 AM - 11:20 AM","TTh","MGH","288"
"2023:4:CSE:121:AT","10:30 AM - 11:20 AM","TTh","MGH","248"
"2023:4:CSE:121:AU","11:30 AM - 12:20 PM","TTh","ART","317"
"2023:4:CSE:121:AV","12:30 PM - 1:20 PM","TTh","LOW","113"
"2023:4:CSE:121:AW","1:30 PM - 2:20 PM","TTh","AND","223"
"2023:4:CSE:121:B","3:30 PM - 4:20 PM","WF","KNE","120"
"2023:4:CSE:121:BA","8:30 AM - 9:20 AM","TTh","MGH","074"
"2023:4:CSE:121:BB","9:30 AM - 10:20 AM","TTh","MGH","248"
"2023:4:CSE:121:BC","10:30 AM - 11:20 AM","TTh","MGH","082A"
"2023:4:CSE:121:BD","11:30 AM - 12:20 PM","TTh","ARC","G070"
"2023:4:CSE:121:BE","12:30 PM - 1:20 PM","TTh","MGH","288"
"2023:4:CSE:121:BF","1:30 PM - 2:20 PM","TTh","MGH","284"
"2023:4:CSE:121:BG","2:30 PM - 3:20 PM","TTh","MGH","074"
"2023:4:CSE:121:BH","3:30 PM - 4:20 PM","TTh","MGH","284"
"2023:4:CSE:121:BI","8:30 AM - 9:20 AM","TTh","MGH","082A"
"2023:4:CSE:121:BJ","9:30 AM - 10:20 AM","TTh","LOW","115"
"2023:4:CSE:121:BK","10:30 AM - 11:20 AM","TTh","PAA","A212"
"2023:4:CSE:121:BL","11:30 AM - 12:20 PM","TTh","MGH","248"
"2023:4:CSE:121:BM","12:30 PM - 1:20 PM","TTh","MGH","074"
"2023:4:CSE:121:BN","1:30 PM - 2:20 PM","TTh","KNE","110"
"2023:4:CSE:121:BO","2:30 PM - 3:20 PM","TTh","JHN","111"
"2023:4:CSE:121:BP","3:30 PM - 4:20 PM","TTh","MGH","074"
"2023:4:CSE:121:BQ","8:30 AM - 9:20 AM","TTh","MGH","287"
"2023:4:CSE:121:BR","9:30 AM - 10:20 AM","TTh","LOW","116"
"2023:4:CSE:121:BS","10:30 AM - 11:20 AM","TTh","FTR","106"
"2023:4:CSE:121:BT","11:30 AM - 12:20 PM","TTh","LOW","118"
"2023:4:CSE:121:A","11:30 AM - 12:20 PM","WF","KNE","130"
"2023:4:CSE:121:AA","8:30 AM - 9:20 AM","TTh","MGH","288"
"2023:4:CSE:121:AB","9:30 AM - 10:20 AM","TTh","MGH","074"
"2023:4:CSE:121:AC","10:30 AM - 11:20 AM","TTh","MGH","074"
"2023:4:CSE:121:AD","11:30 AM - 12:20 PM","TTh","MGH","082A"
"2023:4:CSE:121:AE","12:30 PM - 1:20 PM","TTh","MGH","082A"
"2023:4:CSE:121:AF","1:30 PM - 2:20 PM","TTh","MGH","231"
"2023:4:CSE:121:AG","2:30 PM - 3:20 PM","TTh","ART","317"
"2023:4:CSE:121:AH","3:30 PM - 4:20 PM","TTh","ART","004"
"2023:4:CSE:121:AI","8:30 AM - 9:20 AM","TTh","MGH","284"
"2023:4:CSE:121:AJ","9:30 AM - 10:20 AM","TTh","MGH","082A"
"2023:4:CSE:121:AK","10:30 AM - 11:20 AM","TTh","LOW","118"
"2023:4:CSE:121:AL","11:30 AM - 12:20 PM","TTh","LOW","201"
"2023:4:CSE:121:AM","12:30 PM - 1:20 PM","TTh","LOW","114"
"2023:4:CSE:121:AN","1:30 PM - 2:20 PM","TTh","MGH","082A"
"2023:4:CSE:121:AO","2:30 PM - 3:20 PM","TTh","ECE","003"
"2023:4:CSE:121:AP","3:30 PM - 4:20 PM","TTh","ART","006"
"2023:4:CSE:121:AQ","8:30 AM - 9:20 AM","TTh","MGH","251"
"2023:4:CSE:121:AR","9:30 AM - 10:20 AM","TTh","LOW","118"
"2023:4:CSE:121:AS","10:30 AM - 11:20 AM","TTh","MGH","288"
"2023:4:CSE:121:AT","10:30 AM - 11:20 AM","TTh","MGH","248"
"2023:4:CSE:121:AU","11:30 AM - 12:20 PM","TTh","ART","317"
"2023:4:CSE:121:AV","12:30 PM - 1:20 PM","TTh","LOW","113"
"2023:4:CSE:121:AW","1:30 PM - 2:20 PM","TTh","AND","223"
"2023:4:CSE:121:B","3:30 PM - 4:20 PM","WF","KNE","120"
"2023:4:CSE:121:BA","8:30 AM - 9:20 AM","TTh","MGH","074"
"2023:4:CSE:121:BB","9:30 AM - 10:20 AM","TTh","MGH","248"
"2023:4:CSE:121:BC","10:30 AM - 11:20 AM","TTh","MGH","082A"
"2023:4:CSE:121:BD","11:30 AM - 12:20 PM","TTh","ARC","G070"
"2023:4:CSE:121:BE","12:30 PM - 1:20 PM","TTh","MGH","288"
"2023:4:CSE:121:BF","1:30 PM - 2:20 PM","TTh","MGH","284"
"2023:4:CSE:121:BG","2:30 PM - 3:20 PM","TTh","MGH","074"
"2023:4:CSE:121:BH","3:30 PM - 4:20 PM","TTh","MGH","284"
"2023:4:CSE:121:BI","8:30 AM - 9:20 AM","TTh","MGH","082A"
"2023:4:CSE:121:BJ","9:30 AM - 10:20 AM","TTh","LOW","115"
"2023:4:CSE:121:BK","10:30 AM - 11:20 AM","TTh","PAA","A212"
"2023:4:CSE:121:BL","11:30 AM - 12:20 PM","TTh","MGH","248"
"2023:4:CSE:121:BM","12:30 PM - 1:20 PM","TTh","MGH","074"
"2023:4:CSE:121:BN","1:30 PM - 2:20 PM","TTh","KNE","110"
"2023:4:CSE:121:BO","2:30 PM - 3:20 PM","TTh","JHN","111"
"2023:4:CSE:121:BP","3:30 PM - 4:20 PM","TTh","MGH","074"
"2023:4:CSE:121:BQ","8:30 AM - 9:20 AM","TTh","MGH","287"
"2023:4:CSE:121:BR","9:30 AM - 10:20 AM","TTh","LOW","116"
"2023:4:CSE:121:BS","10:30 AM - 11:20 AM","TTh","FTR","106"
"2023:4:CSE:121:BT","11:30 AM - 12:20 PM","TTh","LOW","118"
"2023:4:CSE:122:A","11:30 AM - 12:20 PM","WF","KNE","110"
"2023:4:CSE:122:AA","8:30 AM - 9:20 AM","TTh","SAV","164"
"2023:4:CSE:122:AB","9:30 AM - 10:20 AM","TTh","SAV","162"
"2023:4:CSE:122:AC","10:30 AM - 11:20 AM","TTh","SAV","137"
"2023:4:CSE:122:AD","11:30 AM - 12:20 PM","TTh","SAV","166"
"2023:4:CSE:122:AE","12:30 PM - 1:20 PM","TTh","SAV","157"
"2023:4:CSE:122:AF","1:30 PM - 2:20 PM","TTh","SAV","164"
"2023:4:CSE:122:AG","2:30 PM - 3:20 PM","TTh","SAV","164"
"2023:4:CSE:122:AH","3:30 PM - 4:20 PM","TTh","SAV","136"
"2023:4:CSE:122:AI","8:30 AM - 9:20 AM","TTh","SAV","130"
"2023:4:CSE:122:AJ","9:30 AM - 10:20 AM","TTh","SAV","139"
"2023:4:CSE:122:AK","10:30 AM - 11:20 AM","TTh","SAV","158"
"2023:4:CSE:122:AL","11:30 AM - 12:20 PM","TTh","SAV","157"
"2023:4:CSE:122:AM","12:30 PM - 1:20 PM","TTh","SAV","168"
"2023:4:CSE:122:AN","1:30 PM - 2:20 PM","TTh","THO","135"
"2023:4:CSE:122:AO","2:30 PM - 3:20 PM","TTh","CDH","110B"
"2023:4:CSE:122:AP","3:30 PM - 4:20 PM","TTh","SAV","164"
"2023:4:CSE:122:B","3:30 PM - 4:20 PM","WF","GUG","220"
"2023:4:CSE:122:BA","8:30 AM - 9:20 AM","TTh","SAV","157"
"2023:4:CSE:122:BB","9:30 AM - 10:20 AM","TTh","SAV","137"
"2023:4:CSE:122:BC","10:30 AM - 11:20 AM","TTh","SAV","136"
"2023:4:CSE:122:BD","11:30 AM - 12:20 PM","TTh","SAV","131"
"2023:4:CSE:122:BE","12:30 PM - 1:20 PM","TTh","SAV","164"
"2023:4:CSE:122:BF","1:30 PM - 2:20 PM","TTh","SAV","162"
"2023:4:CSE:122:BG","2:30 PM - 3:20 PM","TTh","CDH","115"
"2023:4:CSE:122:BH","3:30 PM - 4:20 PM","TTh","SAV","137"
"2023:4:CSE:122:BI","8:30 AM - 9:20 AM","TTh","SAV","162"
"2023:4:CSE:122:BJ","9:30 AM - 10:20 AM","TTh","SAV","130"
"2023:4:CSE:122:BK","10:30 AM - 11:20 AM","TTh","SAV","164"
"2023:4:CSE:122:BL","11:30 AM - 12:20 PM","TTh","SAV","164"
"2023:4:CSE:122:BM","12:30 PM - 1:20 PM","TTh","SAV","137"
"2023:4:CSE:122:BN","1:30 PM - 2:20 PM","TTh","FSH","109"
"2023:4:CSE:122:BO","2:30 PM - 3:20 PM","TTh","CMU","228"
"2023:4:CSE:122:BP","3:30 PM - 4:20 PM","TTh","SAV","158"
"2023:4:CSE:122:A","11:30 AM - 12:20 PM","WF","KNE","110"
"2023:4:CSE:122:AA","8:30 AM - 9:20 AM","TTh","SAV","164"
"2023:4:CSE:122:AB","9:30 AM - 10:20 AM","TTh","SAV","162"
"2023:4:CSE:122:AC","10:30 AM - 11:20 AM","TTh","SAV","137"
"2023:4:CSE:122:AD","11:30 AM - 12:20 PM","TTh","SAV","166"
"2023:4:CSE:122:AE","12:30 PM - 1:20 PM","TTh","SAV","157"
"2023:4:CSE:122:AF","1:30 PM - 2:20 PM","TTh","SAV","164"
"2023:4:CSE:122:AG","2:30 PM - 3:20 PM","TTh","SAV","164"
"2023:4:CSE:122:AH","3:30 PM - 4:20 PM","TTh","SAV","136"
"2023:4:CSE:122:AI","8:30 AM - 9:20 AM","TTh","SAV","130"
"2023:4:CSE:122:AJ","9:30 AM - 10:20 AM","TTh","SAV","139"
"2023:4:CSE:122:AK","10:30 AM - 11:20 AM","TTh","SAV","158"
"2023:4:CSE:122:AL","11:30 AM - 12:20 PM","TTh","SAV","157"
"2023:4:CSE:122:AM","12:30 PM - 1:20 PM","TTh","SAV","168"
"2023:4:CSE:122:AN","1:30 PM - 2:20 PM","TTh","THO","135"
"2023:4:CSE:122:AO","2:30 PM - 3:20 PM","TTh","CDH","110B"
"2023:4:CSE:122:AP","3:30 PM - 4:20 PM","TTh","SAV","164"
"2023:4:CSE:122:B","3:30 PM - 4:20 PM","WF","GUG","220"
"2023:4:CSE:122:BA","8:30 AM - 9:20 AM","TTh","SAV","157"
"2023:4:CSE:122:BB","9:30 AM - 10:20 AM","TTh","SAV","137"
"2023:4:CSE:122:BC","10:30 AM - 11:20 AM","TTh","SAV","136"
"2023:4:CSE:122:BD","11:30 AM - 12:20 PM","TTh","SAV","131"
"2023:4:CSE:122:BE","12:30 PM - 1:20 PM","TTh","SAV","164"
"2023:4:CSE:122:BF","1:30 PM - 2:20 PM","TTh","SAV","162"
"2023:4:CSE:122:BG","2:30 PM - 3:20 PM","TTh","CDH","115"
"2023:4:CSE:122:BH","3:30 PM - 4:20 PM","TTh","SAV","137"
"2023:4:CSE:122:BI","8:30 AM - 9:20 AM","TTh","SAV","162"
"2023:4:CSE:122:BJ","9:30 AM - 10:20 AM","TTh","SAV","130"
"2023:4:CSE:122:BK","10:30 AM - 11:20 AM","TTh","SAV","164"
"2023:4:CSE:122:BL","11:30 AM - 12:20 PM","TTh","SAV","164"
"2023:4:CSE:122:BM","12:30 PM - 1:20 PM","TTh","SAV","137"
"2023:4:CSE:122:BN","1:30 PM - 2:20 PM","TTh","FSH","109"
"2023:4:CSE:122:BO","2:30 PM - 3:20 PM","TTh","CMU","228"
"2023:4:CSE:122:BP","3:30 PM - 4:20 PM","TTh","SAV","158"
"2023:4:CSE:123:A","12:30 PM - 1:20 PM","WF","GUG","220"
"2023:4:CSE:123:AA","8:30 AM - 9:20 AM","TTh","MGH","248"
"2023:4:CSE:123:AB","9:30 AM - 10:20 AM","TTh","MGH","251"
"2023:4:CSE:123:AC","10:30 AM - 11:20 AM","TTh","MGH","284"
"2023:4:CSE:123:AD","11:30 AM - 12:20 PM","TTh","MGH","288"
"2023:4:CSE:123:AE","12:30 PM - 1:20 PM","TTh","LOW","112"
"2023:4:CSE:123:AF","1:30 PM - 2:20 PM","TTh","MGH","248"
"2023:4:CSE:123:AG","2:30 PM - 3:20 PM","TTh","MGH","248"
"2023:4:CSE:123:AH","3:30 PM - 4:20 PM","TTh","MGH","288"
"2023:4:CSE:123:AI","8:30 AM - 9:20 AM","TTh","MEB","251"
"2023:4:CSE:123:AJ","9:30 AM - 10:20 AM","TTh","LOW","117"
"2023:4:CSE:123:AK","10:30 AM - 11:20 AM","TTh","THO","235"
"2023:4:CSE:123:AL","11:30 AM - 12:20 PM","TTh","MGH","074"
"2023:4:CSE:123:AM","12:30 PM - 1:20 PM","TTh","MGH","248"
"2023:4:CSE:123:AN","1:30 PM - 2:20 PM","TTh","MGH","074"
"2023:4:CSE:123:AO","2:30 PM - 3:20 PM","TTh","MGH","284"
"2023:4:CSE:123:AP","3:30 PM - 4:20 PM","TTh","MGH","248"
"2023:4:CSE:123:A","12:30 PM - 1:20 PM","WF","GUG","220"
"2023:4:CSE:123:AA","8:30 AM - 9:20 AM","TTh","MGH","248"
"2023:4:CSE:123:AB","9:30 AM - 10:20 AM","TTh","MGH","251"
"2023:4:CSE:123:AC","10:30 AM - 11:20 AM","TTh","MGH","284"
"2023:4:CSE:123:AD","11:30 AM - 12:20 PM","TTh","MGH","288"
"2023:4:CSE:123:AE","12:30 PM - 1:20 PM","TTh","LOW","112"
"2023:4:CSE:123:AF","1:30 PM - 2:20 PM","TTh","MGH","248"
"2023:4:CSE:123:AG","2:30 PM - 3:20 PM","TTh","MGH","248"
"2023:4:CSE:123:AH","3:30 PM - 4:20 PM","TTh","MGH","288"
"2023:4:CSE:123:AI","8:30 AM - 9:20 AM","TTh","MEB","251"
"2023:4:CSE:123:AJ","9:30 AM - 10:20 AM","TTh","LOW","117"
"2023:4:CSE:123:AK","10:30 AM - 11:20 AM","TTh","THO","235"
"2023:4:CSE:123:AL","11:30 AM - 12:20 PM","TTh","MGH","074"
"2023:4:CSE:123:AM","12:30 PM - 1:20 PM","TTh","MGH","248"
"2023:4:CSE:123:AN","1:30 PM - 2:20 PM","TTh","MGH","074"
"2023:4:CSE:123:AO","2:30 PM - 3:20 PM","TTh","MGH","284"
"2023:4:CSE:123:AP","3:30 PM - 4:20 PM","TTh","MGH","248"
"2023:4:CSE:143:D","3:30 PM - 4:20 PM","MWF","ECE","037"
"2023:4:CSE:143:DA","3:30 PM - 4:20 PM","TTh","ECE","031"
"2023:4:CSE:143:DB","2:30 PM - 3:20 PM","TTh","ECE","042"
"2023:4:CSE:143:DC","null","null","null","null"
"2023:4:CSE:154:A","8:30 AM - 9:20 AM","MWF","SIG","134"
"2023:4:CSE:154:AA","9:30 AM - 10:20 AM","TTh","PAA","A212"
"2023:4:CSE:154:AB","10:30 AM - 11:20 AM","TTh","THO","334"
"2023:4:CSE:154:AC","11:30 AM - 12:20 PM","TTh","THO","331"
"2023:4:CSE:154:AD","12:30 PM - 1:20 PM","TTh","LOW","116"
"2023:4:CSE:154:AE","1:30 PM - 2:20 PM","TTh","CHL","105"
"2023:4:CSE:154:AF","2:30 PM - 3:20 PM","TTh","KNE","220"
"2023:4:CSE:154:AG","3:30 PM - 4:20 PM","TTh","LOW","114"
"2023:4:CSE:154:A","8:30 AM - 9:20 AM","MWF","SIG","134"
"2023:4:CSE:154:AA","9:30 AM - 10:20 AM","TTh","PAA","A212"
"2023:4:CSE:154:AB","10:30 AM - 11:20 AM","TTh","THO","334"
"2023:4:CSE:154:AC","11:30 AM - 12:20 PM","TTh","THO","331"
"2023:4:CSE:154:AD","12:30 PM - 1:20 PM","TTh","LOW","116"
"2023:4:CSE:154:AE","1:30 PM - 2:20 PM","TTh","CHL","105"
"2023:4:CSE:154:AF","2:30 PM - 3:20 PM","TTh","KNE","220"
"2023:4:CSE:154:AG","3:30 PM - 4:20 PM","TTh","LOW","114"
"2023:4:CSE:160:A","3:30 PM - 4:20 PM","MWF","CSE2","G20"
"2023:4:CSE:160:AA","9:30 AM - 10:20 AM","Th","SAV","168"
"2023:4:CSE:160:AB","10:30 AM - 11:20 AM","Th","SAV","131"
"2023:4:CSE:160:AC","11:30 AM - 12:20 PM","Th","SAV","139"
"2023:4:CSE:160:AD","12:30 PM - 1:20 PM","Th","DEN","212"
"2023:4:CSE:160:AE","1:30 PM - 2:20 PM","Th","MEB","251"
"2023:4:CSE:160:AF","2:30 PM - 3:20 PM","Th","MGH","254"
"2023:4:CSE:160:AG","3:30 PM - 4:20 PM","Th","MGH","287"
"2023:4:CSE:160:AH","8:30 AM - 9:20 AM","Th","MGH","238"
"2023:4:CSE:160:A","3:30 PM - 4:20 PM","MWF","CSE2","G20"
"2023:4:CSE:160:AA","9:30 AM - 10:20 AM","Th","SAV","168"
"2023:4:CSE:160:AB","10:30 AM - 11:20 AM","Th","SAV","131"
"2023:4:CSE:160:AC","11:30 AM - 12:20 PM","Th","SAV","139"
"2023:4:CSE:160:AD","12:30 PM - 1:20 PM","Th","DEN","212"
"2023:4:CSE:160:AE","1:30 PM - 2:20 PM","Th","MEB","251"
"2023:4:CSE:160:AF","2:30 PM - 3:20 PM","Th","MGH","254"
"2023:4:CSE:160:AG","3:30 PM - 4:20 PM","Th","MGH","287"
"2023:4:CSE:160:AH","8:30 AM - 9:20 AM","Th","MGH","238"
"2023:4:CSE:163:A","10:30 AM - 11:20 AM","MWF","KNE","220"
"2023:4:CSE:163:A","10:30 AM - 11:20 AM","MWF","KNE","220"
"2023:4:CSE:190:B","3:30 PM - 4:50 PM","M","KNE","120"
"2023:4:CSE:190:E","9:00 AM - 3:00 PM","TWThF","null","null"
"2023:4:CSE:190:O","10:30 AM - 11:20 AM","T","MGH","044"
"2023:4:CSE:190:P","12:30 PM - 1:20 PM","T","MGH","044"
"2023:4:CSE:190:Q","8:30 AM - 11:20 AM","M","MGH","044"
"2023:4:CSE:190:R","11:30 AM - 2:20 PM","M","DEM","002"
"2023:4:CSE:190:V","2:30 PM - 3:50 PM","TTh","OUG","136"
"2023:4:CSE:190:W","null","null","null","null"
"2023:4:CSE:190:X","null","null","null","null"
"2023:4:CSE:190:Y","null","null","null","null"
"2023:4:CSE:190:Z","null","null","null","null"
"2023:4:CSE:311:A","10:30 AM - 11:20 AM","MWF","SAV","260"
"2023:4:CSE:311:AA","9:30 AM - 10:20 AM","Th","MGH","228"
"2023:4:CSE:311:AB","10:30 AM - 11:20 AM","Th","MGH","254"
"2023:4:CSE:311:AC","11:30 AM - 12:20 PM","Th","MGH","271"
"2023:4:CSE:311:AD","12:30 PM - 1:20 PM","Th","ART","317"
"2023:4:CSE:311:AE","12:30 PM - 1:20 PM","Th","ECE","042"
"2023:4:CSE:311:AF","1:30 PM - 2:20 PM","Th","SAV","156"
"2023:4:CSE:311:AG","2:30 PM - 3:20 PM","Th","SAV","139"
"2023:4:CSE:311:B","1:30 PM - 2:20 PM","MWF","CSE2","G20"
"2023:4:CSE:311:BA","11:30 AM - 12:20 PM","Th","MGH","251"
"2023:4:CSE:311:BB","12:30 PM - 1:20 PM","Th","SAV","156"
"2023:4:CSE:311:BC","1:30 PM - 2:20 PM","Th","MGH","287"
"2023:4:CSE:311:BD","2:30 PM - 3:20 PM","Th","MGH","251"
"2023:4:CSE:311:BE","12:30 PM - 1:20 PM","Th","SAV","136"
"2023:4:CSE:311:BF","1:30 PM - 2:20 PM","Th","MGH","242"
"2023:4:CSE:311:BG","2:30 PM - 3:20 PM","Th","MGH","287"
"2023:4:CSE:311:A","10:30 AM - 11:20 AM","MWF","SAV","260"
"2023:4:CSE:311:AA","9:30 AM - 10:20 AM","Th","MGH","228"
"2023:4:CSE:311:AB","10:30 AM - 11:20 AM","Th","MGH","254"
"2023:4:CSE:311:AC","11:30 AM - 12:20 PM","Th","MGH","271"
"2023:4:CSE:311:AD","12:30 PM - 1:20 PM","Th","ART","317"
"2023:4:CSE:311:AE","12:30 PM - 1:20 PM","Th","ECE","042"
"2023:4:CSE:311:AF","1:30 PM - 2:20 PM","Th","SAV","156"
"2023:4:CSE:311:AG","2:30 PM - 3:20 PM","Th","SAV","139"
"2023:4:CSE:311:B","1:30 PM - 2:20 PM","MWF","CSE2","G20"
"2023:4:CSE:311:BA","11:30 AM - 12:20 PM","Th","MGH","251"
"2023:4:CSE:311:BB","12:30 PM - 1:20 PM","Th","SAV","156"
"2023:4:CSE:311:BC","1:30 PM - 2:20 PM","Th","MGH","287"
"2023:4:CSE:311:BD","2:30 PM - 3:20 PM","Th","MGH","251"
"2023:4:CSE:311:BE","12:30 PM - 1:20 PM","Th","SAV","136"
"2023:4:CSE:311:BF","1:30 PM - 2:20 PM","Th","MGH","242"
"2023:4:CSE:311:BG","2:30 PM - 3:20 PM","Th","MGH","287"
"2023:4:CSE:312:A","1:30 PM - 2:20 PM","MWF","SAV","260"
"2023:4:CSE:312:AA","9:30 AM - 10:20 AM","Th","MGH","254"
"2023:4:CSE:312:AB","10:30 AM - 11:20 AM","Th","MGH","251"
"2023:4:CSE:312:AC","11:30 AM - 12:20 PM","Th","CMU","B006"
"2023:4:CSE:312:AD","12:30 PM - 1:20 PM","Th","ARC","G070"
"2023:4:CSE:312:AE","1:30 PM - 2:20 PM","Th","SAV","132"
"2023:4:CSE:312:AF","2:30 PM - 3:20 PM","Th","SAV","168"
"2023:4:CSE:312:A","1:30 PM - 2:20 PM","MWF","SAV","260"
"2023:4:CSE:312:AA","9:30 AM - 10:20 AM","Th","MGH","254"
"2023:4:CSE:312:AB","10:30 AM - 11:20 AM","Th","MGH","251"
"2023:4:CSE:312:AC","11:30 AM - 12:20 PM","Th","CMU","B006"
"2023:4:CSE:312:AD","12:30 PM - 1:20 PM","Th","ARC","G070"
"2023:4:CSE:312:AE","1:30 PM - 2:20 PM","Th","SAV","132"
"2023:4:CSE:312:AF","2:30 PM - 3:20 PM","Th","SAV","168"
"2023:4:CSE:331:A","2:30 PM - 3:20 PM","MWF","MGH","389"
"2023:4:CSE:331:AA","10:30 AM - 11:20 AM","Th","MOR","221"
"2023:4:CSE:331:AB","11:30 AM - 12:20 PM","Th","MOR","221"
"2023:4:CSE:331:AC","12:30 PM - 1:20 PM","Th","MOR","221"
"2023:4:CSE:331:AD","1:30 PM - 2:20 PM","Th","MOR","234"
"2023:4:CSE:331:AE","2:30 PM - 3:20 PM","Th","SIG","230"
"2023:4:CSE:331:B","10:30 AM - 11:20 AM","MWF","CSE2","G01"
"2023:4:CSE:331:BA","8:30 AM - 9:20 AM","Th","ECE","031"
"2023:4:CSE:331:BB","9:30 AM - 10:20 AM","Th","ECE","031"
"2023:4:CSE:331:BC","10:30 AM - 11:20 AM","Th","ECE","031"
"2023:4:CSE:331:BD","11:30 AM - 12:20 PM","Th","ECE","054"
"2023:4:CSE:331:A","2:30 PM - 3:20 PM","MWF","MGH","389"
"2023:4:CSE:331:AA","10:30 AM - 11:20 AM","Th","MOR","221"
"2023:4:CSE:331:AB","11:30 AM - 12:20 PM","Th","MOR","221"
"2023:4:CSE:331:AC","12:30 PM - 1:20 PM","Th","MOR","221"
"2023:4:CSE:331:AD","1:30 PM - 2:20 PM","Th","MOR","234"
"2023:4:CSE:331:AE","2:30 PM - 3:20 PM","Th","SIG","230"
"2023:4:CSE:331:B","10:30 AM - 11:20 AM","MWF","CSE2","G01"
"2023:4:CSE:331:BA","8:30 AM - 9:20 AM","Th","ECE","031"
"2023:4:CSE:331:BB","9:30 AM - 10:20 AM","Th","ECE","031"
"2023:4:CSE:331:BC","10:30 AM - 11:20 AM","Th","ECE","031"
"2023:4:CSE:331:BD","11:30 AM - 12:20 PM","Th","ECE","054"
"2023:4:CSE:332:A","12:30 PM - 1:20 PM","MWF","CSE2","G20"
"2023:4:CSE:332:AA","12:30 PM - 1:20 PM","Th","MEB","251"
"2023:4:CSE:332:AB","1:30 PM - 2:20 PM","Th","ECE","042"
"2023:4:CSE:332:AC","2:30 PM - 3:20 PM","Th","ECE","031"
"2023:4:CSE:332:AD","3:30 PM - 4:20 PM","Th","DEN","113"
"2023:4:CSE:332:AE","11:30 AM - 12:20 PM","Th","SAV","168"
"2023:4:CSE:332:A","12:30 PM - 1:20 PM","MWF","CSE2","G20"
"2023:4:CSE:332:AA","12:30 PM - 1:20 PM","Th","MEB","251"
"2023:4:CSE:332:AB","1:30 PM - 2:20 PM","Th","ECE","042"
"2023:4:CSE:332:AC","2:30 PM - 3:20 PM","Th","ECE","031"
"2023:4:CSE:332:AD","3:30 PM - 4:20 PM","Th","DEN","113"
"2023:4:CSE:332:AE","11:30 AM - 12:20 PM","Th","SAV","168"
"2023:4:CSE:333:A","11:30 AM - 12:20 PM","MWF","MGH","389"
"2023:4:CSE:333:AA","8:30 AM - 9:20 AM","Th","LOW","101"
"2023:4:CSE:333:AB","9:30 AM - 10:20 AM","Th","LOW","101"
"2023:4:CSE:333:AC","10:30 AM - 11:20 AM","Th","ECE","042"
"2023:4:CSE:333:AD","11:30 AM - 12:20 PM","Th","LOW","101"
"2023:4:CSE:333:AE","12:30 PM - 1:20 PM","Th","ECE","025"
"2023:4:CSE:333:A","11:30 AM - 12:20 PM","MWF","MGH","389"
"2023:4:CSE:333:AA","8:30 AM - 9:20 AM","Th","LOW","101"
"2023:4:CSE:333:AB","9:30 AM - 10:20 AM","Th","LOW","101"
"2023:4:CSE:333:AC","10:30 AM - 11:20 AM","Th","ECE","042"
"2023:4:CSE:333:AD","11:30 AM - 12:20 PM","Th","LOW","101"
"2023:4:CSE:333:AE","12:30 PM - 1:20 PM","Th","ECE","025"
"2023:4:CSE:340:A","12:30 PM - 1:20 PM","MWF","THO","125"
"2023:4:CSE:340:AA","9:30 AM - 10:20 AM","Th","LOW","102"
"2023:4:CSE:340:AB","10:30 AM - 11:20 AM","Th","LOW","102"
"2023:4:CSE:340:AC","11:30 AM - 12:20 PM","Th","LOW","220"
"2023:4:CSE:341:A","1:30 PM - 2:20 PM","MWF","CSE2","G01"
"2023:4:CSE:341:AA","12:30 PM - 1:20 PM","Th","MGH","271"
"2023:4:CSE:341:AB","1:30 PM - 2:20 PM","Th","ARC","G070"
"2023:4:CSE:341:AC","2:30 PM - 3:20 PM","Th","MGH","228"
"2023:4:CSE:341:AD","3:30 PM - 4:20 PM","Th","BLD","286"
"2023:4:CSE:344:A","10:30 AM - 11:20 AM","MWF","SIG","134"
"2023:4:CSE:344:AA","9:30 AM - 10:20 AM","Th","MGH","242"
"2023:4:CSE:344:AB","10:30 AM - 11:20 AM","Th","MGH","242"
"2023:4:CSE:344:AC","11:30 AM - 12:20 PM","Th","MGH","242"
"2023:4:CSE:344:AD","12:30 PM - 1:20 PM","Th","MGH","242"
"2023:4:CSE:344:AE","8:30 AM - 9:20 AM","Th","MGH","228"
"2023:4:CSE:344:A","10:30 AM - 11:20 AM","MWF","SIG","134"
"2023:4:CSE:344:AA","9:30 AM - 10:20 AM","Th","MGH","242"
"2023:4:CSE:344:AB","10:30 AM - 11:20 AM","Th","MGH","242"
"2023:4:CSE:344:AC","11:30 AM - 12:20 PM","Th","MGH","242"
"2023:4:CSE:344:AD","12:30 PM - 1:20 PM","Th","MGH","242"
"2023:4:CSE:344:AE","8:30 AM - 9:20 AM","Th","MGH","228"
"2023:4:CSE:351:A","11:30 AM - 12:20 PM","MWF","CSE2","G20"
"2023:4:CSE:351:AA","8:30 AM - 9:20 AM","Th","ECE","025"
"2023:4:CSE:351:AB","9:30 AM - 10:20 AM","Th","MOR","221"
"2023:4:CSE:351:AC","10:30 AM - 11:20 AM","Th","CMU","B006"
"2023:4:CSE:351:AD","11:30 AM - 12:20 PM","Th","LOW","102"
"2023:4:CSE:351:AE","12:30 PM - 1:20 PM","Th","SIG","226"
"2023:4:CSE:351:AF","11:30 AM - 12:20 PM","Th","RAI","116"
"2023:4:CSE:351:AG","10:30 AM - 11:20 AM","Th","JHN","026"
"2023:4:CSE:351:AH","1:30 PM - 2:20 PM","Th","SIG","226"
"2023:4:CSE:351:B","12:30 PM - 1:20 PM","MWF","THO","101"
"2023:4:CSE:351:BA","12:30 PM - 1:20 PM","Th","MGH","238"
"2023:4:CSE:351:BB","1:30 PM - 2:20 PM","Th","MGH","254"
"2023:4:CSE:351:BC","2:30 PM - 3:20 PM","Th","SAV","156"
"2023:4:CSE:351:BD","3:30 PM - 4:20 PM","Th","SIG","230"
"2023:4:CSE:351:C","11:30 AM - 12:20 PM","MWF","CSE2","G20"
"2023:4:CSE:351:CA","8:30 AM - 9:20 AM","Th","ECE","025"
"2023:4:CSE:351:CB","9:30 AM - 10:20 AM","Th","MOR","221"
"2023:4:CSE:351:CC","10:30 AM - 11:20 AM","Th","CMU","B006"
"2023:4:CSE:351:CD","11:30 AM - 12:20 PM","Th","LOW","102"
"2023:4:CSE:351:CE","12:30 PM - 1:20 PM","Th","SIG","226"
"2023:4:CSE:351:CF","11:30 AM - 12:20 PM","Th","RAI","116"
"2023:4:CSE:351:CG","10:30 AM - 11:20 AM","Th","JHN","026"
"2023:4:CSE:351:CH","1:30 PM - 2:20 PM","Th","SIG","226"
"2023:4:CSE:351:D","12:30 PM - 1:20 PM","MWF","THO","101"
"2023:4:CSE:351:DA","12:30 PM - 1:20 PM","Th","MGH","238"
"2023:4:CSE:351:DB","1:30 PM - 2:20 PM","Th","MGH","254"
"2023:4:CSE:351:DC","2:30 PM - 3:20 PM","Th","SAV","156"
"2023:4:CSE:351:DD","3:30 PM - 4:20 PM","Th","SIG","230"
"2023:4:CSE:351:A","11:30 AM - 12:20 PM","MWF","CSE2","G20"
"2023:4:CSE:351:AA","8:30 AM - 9:20 AM","Th","ECE","025"
"2023:4:CSE:351:AB","9:30 AM - 10:20 AM","Th","MOR","221"
"2023:4:CSE:351:AC","10:30 AM - 11:20 AM","Th","CMU","B006"
"2023:4:CSE:351:AD","11:30 AM - 12:20 PM","Th","LOW","102"
"2023:4:CSE:351:AE","12:30 PM - 1:20 PM","Th","SIG","226"
"2023:4:CSE:351:AF","11:30 AM - 12:20 PM","Th","RAI","116"
"2023:4:CSE:351:AG","10:30 AM - 11:20 AM","Th","JHN","026"
"2023:4:CSE:351:AH","1:30 PM - 2:20 PM","Th","SIG","226"
"2023:4:CSE:351:B","12:30 PM - 1:20 PM","MWF","THO","101"
"2023:4:CSE:351:BA","12:30 PM - 1:20 PM","Th","MGH","238"
"2023:4:CSE:351:BB","1:30 PM - 2:20 PM","Th","MGH","254"
"2023:4:CSE:351:BC","2:30 PM - 3:20 PM","Th","SAV","156"
"2023:4:CSE:351:BD","3:30 PM - 4:20 PM","Th","SIG","230"
"2023:4:CSE:351:C","11:30 AM - 12:20 PM","MWF","CSE2","G20"
"2023:4:CSE:351:CA","8:30 AM - 9:20 AM","Th","ECE","025"
"2023:4:CSE:351:CB","9:30 AM - 10:20 AM","Th","MOR","221"
"2023:4:CSE:351:CC","10:30 AM - 11:20 AM","Th","CMU","B006"
"2023:4:CSE:351:CD","11:30 AM - 12:20 PM","Th","LOW","102"
"2023:4:CSE:351:CE","12:30 PM - 1:20 PM","Th","SIG","226"
"2023:4:CSE:351:CF","11:30 AM - 12:20 PM","Th","RAI","116"
"2023:4:CSE:351:CG","10:30 AM - 11:20 AM","Th","JHN","026"
"2023:4:CSE:351:CH","1:30 PM - 2:20 PM","Th","SIG","226"
"2023:4:CSE:351:D","12:30 PM - 1:20 PM","MWF","THO","101"
"2023:4:CSE:351:DA","12:30 PM - 1:20 PM","Th","MGH","238"
"2023:4:CSE:351:DB","1:30 PM - 2:20 PM","Th","MGH","254"
"2023:4:CSE:351:DC","2:30 PM - 3:20 PM","Th","SAV","156"
"2023:4:CSE:351:DD","3:30 PM - 4:20 PM","Th","SIG","230"
"2023:4:E E:371:A","11:30 AM - 1:20 PM","MW","OUG","136"
"2023:4:E E:371:A","11:30 AM - 1:20 PM","MW","OUG","136"
"2023:4:CSE:373:A","2:30 PM - 3:20 PM","MWF","GUG","220"
"2023:4:CSE:373:AA","9:30 AM - 10:20 AM","Th","LOW","105"
"2023:4:CSE:373:AB","10:30 AM - 11:20 AM","Th","CDH","110A"
"2023:4:CSE:373:AC","11:30 AM - 12:20 PM","Th","DEN","258"
"2023:4:CSE:373:AD","12:30 PM - 1:20 PM","Th","LOW","202"
"2023:4:CSE:373:AE","2:30 PM - 3:20 PM","Th","SAV","155"
"2023:4:CSE:373:AF","3:30 PM - 4:20 PM","Th","SAV","155"
"2023:4:CSE:373:AG","8:30 AM - 9:20 AM","Th","MGH","242"
"2023:4:CSE:373:AH","12:30 PM - 1:20 PM","Th","MOR","225"
"2023:4:CSE:373:AI","3:30 PM - 4:20 PM","Th","DEN","258"
"2023:4:CSE:373:AJ","2:30 PM - 3:20 PM","Th","MGH","242"
"2023:4:CSE:373:A","2:30 PM - 3:20 PM","MWF","GUG","220"
"2023:4:CSE:373:AA","9:30 AM - 10:20 AM","Th","LOW","105"
"2023:4:CSE:373:AB","10:30 AM - 11:20 AM","Th","CDH","110A"
"2023:4:CSE:373:AC","11:30 AM - 12:20 PM","Th","DEN","258"
"2023:4:CSE:373:AD","12:30 PM - 1:20 PM","Th","LOW","202"
"2023:4:CSE:373:AE","2:30 PM - 3:20 PM","Th","SAV","155"
"2023:4:CSE:373:AF","3:30 PM - 4:20 PM","Th","SAV","155"
"2023:4:CSE:373:AG","8:30 AM - 9:20 AM","Th","MGH","242"
"2023:4:CSE:373:AH","12:30 PM - 1:20 PM","Th","MOR","225"
"2023:4:CSE:373:AI","3:30 PM - 4:20 PM","Th","DEN","258"
"2023:4:CSE:373:AJ","2:30 PM - 3:20 PM","Th","MGH","242"
"2023:4:CSE:374:A","9:30 AM - 10:20 AM","MWF","CSE2","G10"
"2023:4:CSE:374:A","9:30 AM - 10:20 AM","MWF","CSE2","G10"
"2023:4:CSE:390:B","2:30 PM - 3:50 PM","TTh","CSE2","G10"
"2023:4:CSE:390:H","null","null","null","null"
"2023:4:CSE:390:HA","3:30 PM - 4:50 PM","T","LOW","105"
"2023:4:CSE:390:HB","3:30 PM - 4:50 PM","T","LOW","106"
"2023:4:CSE:390:T","3:30 PM - 4:20 PM","MW","DEN","303"
"2023:4:CSE:390:Z","null","null","null","null"
"2023:4:CSE:390:ZA","12:30 PM - 2:20 PM","T","MGH","295"
"2023:4:CSE:390:ZB","2:30 PM - 4:20 PM","T","CSE2","G01"
"2023:4:CSE:391:A","1:30 PM - 2:20 PM","T","CSE2","G20"
"2023:4:CSE:391:B","1:30 PM - 2:20 PM","T","CSE2","G20"
"2023:4:CSE:391:A","1:30 PM - 2:20 PM","T","CSE2","G20"
"2023:4:CSE:391:B","1:30 PM - 2:20 PM","T","CSE2","G20"
"2023:4:CSE:401:A","2:30 PM - 3:20 PM","MWF","CSE2","G10"
"2023:4:CSE:401:AA","12:30 PM - 1:20 PM","Th","LOW","106"
"2023:4:CSE:401:AB","1:30 PM - 2:20 PM","Th","ECE","031"
"2023:4:CSE:401:AC","2:30 PM - 3:20 PM","Th","CMU","226"
"2023:4:CSE:403:A","12:30 PM - 1:20 PM","MWF","BAG","261"
"2023:4:CSE:403:AA","1:30 PM - 2:20 PM","T","CSE2","G01"
"2023:4:CSE:414:A","12:30 PM - 1:20 PM","MWF","CSE2","G10"
"2023:4:CSE:414:AA","9:30 AM - 10:20 AM","Th","ECE","054"
"2023:4:CSE:414:AB","10:30 AM - 11:20 AM","Th","CDH","115"
"2023:4:CSE:414:AC","11:30 AM - 12:20 PM","Th","CDH","115"
"2023:4:CSE:414:AD","12:30 PM - 1:20 PM","Th","PCAR","293"
"2023:4:CSE:414:B","12:30 PM - 1:20 PM","MWF","CSE2","G10"
"2023:4:CSE:414:BA","9:30 AM - 10:20 AM","Th","ECE","054"
"2023:4:CSE:414:BB","10:30 AM - 11:20 AM","Th","CDH","115"
"2023:4:CSE:414:BC","11:30 AM - 12:20 PM","Th","CDH","115"
"2023:4:CSE:414:BD","12:30 PM - 1:20 PM","Th","PCAR","293"
"2023:4:CSE:414:C","3:30 PM - 4:20 PM","MWF","AND","223"
"2023:4:CSE:414:CA","11:30 AM - 12:20 PM","Th","SAV","156"
"2023:4:CSE:414:CB","12:30 PM - 1:20 PM","Th","CDH","110B"
"2023:4:CSE:414:CC","1:30 PM - 2:20 PM","Th","MUS","219"
"2023:4:CSE:414:CD","2:30 PM - 3:20 PM","Th","PCAR","297"
"2023:4:CSE:414:CE","3:30 PM - 4:20 PM","Th","ECE","054"
"2023:4:CSE:414:D","3:30 PM - 4:20 PM","MWF","AND","223"
"2023:4:CSE:414:DA","11:30 AM - 12:20 PM","Th","SAV","156"
"2023:4:CSE:414:DB","12:30 PM - 1:20 PM","Th","CDH","110B"
"2023:4:CSE:414:DC","1:30 PM - 2:20 PM","Th","MUS","219"
"2023:4:CSE:414:DD","2:30 PM - 3:20 PM","Th","PCAR","297"
"2023:4:CSE:414:DE","3:30 PM - 4:20 PM","Th","ECE","054"
"2023:4:CSE:415:A","1:30 PM - 2:20 PM","MWF","CSE2","G10"
"2023:4:CSE:416:A","3:30 PM - 4:50 PM","MW","SAV","260"
"2023:4:CSE:416:AA","9:30 AM - 10:20 AM","Th","DEN","110"
"2023:4:CSE:416:AB","10:30 AM - 11:20 AM","Th","DEN","110"
"2023:4:CSE:416:AC","11:30 AM - 12:20 PM","Th","DEN","110"
"2023:4:CSE:416:AD","12:30 PM - 1:20 PM","Th","DEN","256"
"2023:4:CSE:416:AE","1:30 PM - 2:20 PM","Th","DEN","210"
"2023:4:CSE:416:AF","2:30 PM - 3:20 PM","Th","DEN","110"
"2023:4:CSE:416:AG","3:30 PM - 4:20 PM","Th","DEN","110"
"2023:4:CSE:416:AH","12:30 PM - 1:20 PM","Th","DEN","210"
"2023:4:CSE:416:A","3:30 PM - 4:50 PM","MW","SAV","260"
"2023:4:CSE:416:AA","9:30 AM - 10:20 AM","Th","DEN","110"
"2023:4:CSE:416:AB","10:30 AM - 11:20 AM","Th","DEN","110"
"2023:4:CSE:416:AC","11:30 AM - 12:20 PM","Th","DEN","110"
"2023:4:CSE:416:AD","12:30 PM - 1:20 PM","Th","DEN","256"
"2023:4:CSE:416:AE","1:30 PM - 2:20 PM","Th","DEN","210"
"2023:4:CSE:416:AF","2:30 PM - 3:20 PM","Th","DEN","110"
"2023:4:CSE:416:AG","3:30 PM - 4:20 PM","Th","DEN","110"
"2023:4:CSE:416:AH","12:30 PM - 1:20 PM","Th","DEN","210"
"2023:4:CSE:417:A","10:30 AM - 11:20 AM","MWF","CSE2","G10"
"2023:4:CSE:421:A","1:30 PM - 2:20 PM","MWF","AND","223"
"2023:4:CSE:421:AA","11:30 AM - 12:20 PM","Th","ECE","042"
"2023:4:CSE:421:AB","12:30 PM - 1:20 PM","Th","ECE","026"
"2023:4:CSE:421:AC","1:30 PM - 2:20 PM","Th","ECE","026"
"2023:4:CSE:421:AD","2:30 PM - 3:20 PM","Th","ECE","026"
"2023:4:CSE:421:AE","3:30 PM - 4:20 PM","Th","ECE","026"
"2023:4:CSE:426:A","11:30 AM - 12:20 PM","MWF","MGH","231"
"2023:4:CSE:426:AA","12:30 PM - 1:20 PM","Th","CSE","305"
"2023:4:CSE:426:AB","1:30 PM - 2:20 PM","Th","CSE","305"
"2023:4:CSE:427:A","10:00 AM - 11:20 AM","TTh","CSE2","G10"
"2023:4:CSE:440:A","11:30 AM - 12:50 PM","TTh","OUG","136"
"2023:4:CSE:440:AA","10:30 AM - 11:20 AM","F","MGH","295"
"2023:4:CSE:440:AB","11:30 AM - 12:20 PM","F","MGH","295"
"2023:4:CSE:440:AC","12:30 PM - 1:20 PM","F","MGH","295"
"2023:4:CSE:440:AD","1:30 PM - 2:20 PM","F","MGH","058"
"2023:4:CSE:440:B","11:30 AM - 12:50 PM","TTh","OUG","136"
"2023:4:CSE:440:BA","10:30 AM - 11:20 AM","F","MGH","295"
"2023:4:CSE:440:BB","11:30 AM - 12:20 PM","F","MGH","295"
"2023:4:CSE:440:BC","12:30 PM - 1:20 PM","F","MGH","295"
"2023:4:CSE:440:BD","1:30 PM - 2:20 PM","F","MGH","058"
"2023:4:CSE:442:A","11:30 AM - 12:50 PM","TTh","CSE2","G20"
"2023:4:CSE:446:A","9:00 AM - 10:20 AM","MW","CSE2","G20"
"2023:4:CSE:446:AA","8:30 AM - 9:20 AM","Th","MGH","254"
"2023:4:CSE:446:AB","9:30 AM - 10:20 AM","Th","MGH","238"
"2023:4:CSE:446:AC","10:30 AM - 11:20 AM","Th","MGH","271"
"2023:4:CSE:446:AD","11:30 AM - 12:20 PM","Th","ECE","025"
"2023:4:CSE:446:AE","12:30 PM - 1:20 PM","Th","ECE","054"
"2023:4:CSE:451:A","11:30 AM - 12:20 PM","MWF","CSE2","G01"
"2023:4:CSE:451:AA","11:30 AM - 12:20 PM","Th","MGH","254"
"2023:4:CSE:451:AB","12:30 PM - 1:20 PM","Th","MGH","254"
"2023:4:CSE:451:AC","1:30 PM - 2:20 PM","Th","MGH","251"
"2023:4:CSE:452:A","3:30 PM - 4:20 PM","MWF","MGH","389"
"2023:4:CSE:452:AA","12:30 PM - 1:20 PM","Th","MOR","220"
"2023:4:CSE:452:AB","1:30 PM - 2:20 PM","Th","CMU","226"
"2023:4:CSE:452:AC","3:30 PM - 4:20 PM","Th","BAG","260"
"2023:4:CSE:452:AD","3:30 PM - 4:20 PM","Th","MEB","238"
"2023:4:CSE:452:AE","11:30 AM - 12:20 PM","Th","MOR","225"
"2023:4:CSE:453:A","11:30 AM - 12:20 PM","MWF","CSE2","G10"
"2023:4:CSE:453:AA","12:30 PM - 1:20 PM","Th","MOR","234"
"2023:4:CSE:453:AB","1:30 PM - 2:20 PM","Th","SIG","230"
"2023:4:CSE:453:AC","2:30 PM - 3:20 PM","Th","BLD","286"
"2023:3:CSE:456:A","10:20 AM - 1:00 PM","MW","MGH","058"
"2023:4:CSE:457:A","8:30 AM - 9:50 AM","TTh","CSE2","G10"
"2023:4:CSE:458:A","11:30 AM - 12:50 PM","TTh","null","null"
"2023:4:CSE:461:A","12:30 PM - 1:20 PM","MWF","CSE2","G01"
"2023:4:CSE:461:AA","1:30 PM - 2:20 PM","Th","MEB","242"
"2023:4:CSE:461:AB","2:30 PM - 3:20 PM","Th","MEB","242"
"2023:4:CSE:461:AC","3:30 PM - 4:20 PM","Th","MEB","242"
"2023:3:CSE:464:A","10:30 AM - 1:50 PM","MW","null","null"
"2023:4:E E:469:A","10:30 AM - 11:20 AM","MTWF","MUE","153"
"2023:4:CSE:473:A","2:30 PM - 3:20 PM","MWF","CSE2","G20"
"2023:4:CSE:474:A","2:30 PM - 4:20 PM","MW","RAI","121"
"2023:4:CSE:474:A","2:30 PM - 4:20 PM","MW","RAI","121"
"2023:4:E E:475:A","4:30 PM - 6:20 PM","TTh","ART","317"
"2023:4:CSE:480:A","3:30 PM - 4:20 PM","WF","NAN","181"
"2023:4:CSE:481:S","1:30 PM - 3:50 PM","T","MEB","251"
"2023:4:CSE:484:A","10:30 AM - 11:20 AM","MWF","CSE2","G20"
"2023:4:CSE:484:AA","1:30 PM - 2:20 PM","Th","LOW","201"
"2023:4:CSE:484:AB","2:30 PM - 3:20 PM","Th","DEM","126"
"2023:4:CSE:484:AC","3:30 PM - 4:20 PM","Th","LOW","105"
"2023:4:CSE:484:AD","12:30 PM - 1:20 PM","Th","LOW","102"
"2023:4:E E:423:A","11:30 AM - 12:20 PM","MWF","THO","101"
"2023:4:CSE:490:A","1:30 PM - 3:20 PM","TTh","PCAR","295"
"2023:4:CSE:490:N","3:00 PM - 4:20 PM","WF","HCK","132"
"2023:4:CSE:490:A","1:30 PM - 3:20 PM","TTh","PCAR","295"
"2023:4:CSE:490:N","3:00 PM - 4:20 PM","WF","HCK","132"
"2023:4:CSE:490:A","1:30 PM - 3:20 PM","TTh","PCAR","295"
"2023:4:CSE:490:N","3:00 PM - 4:20 PM","WF","HCK","132"
"2023:4:CSE:492:M","null","null","null","null"
"2023:4:CSE:492:S","4:30 PM - 5:20 PM","W","MGH","242"
"2023:4:CSE:492:T","4:30 PM - 5:20 PM","WF","MGH","295"
"2023:4:CSE:493:E","3:30 PM - 4:20 PM","MWF","null","null"
"2023:4:CSE:493:EA","3:30 PM - 4:20 PM","Th","null","null"
"2023:4:CSE:493:G","10:00 AM - 11:20 AM","TTh","CSE2","G20"
"2023:4:CSE:493:H","10:00 AM - 11:20 AM","MWF","ECE","045"
"2023:4:CSE:493:X","null","null","null","null"
"2023:4:CSE:493:Z","null","null","null","null"
"2023:4:CSE:495:A","null","null","null","null"
"2023:4:CSE:496:A","null","null","null","null"
"2023:4:CSE:496:A","null","null","null","null"
"2023:4:CSE:498:A","null","null","null","null"
"2023:4:CSE:498:A","null","null","null","null"
"2023:4:CSE:499:A","null","null","null","null"
"2023:4:CSE:499:A","null","null","null","null"
"2023:4:CSE:503:A","null","null","null","null"
"2023:4:CSE:507:A","null","null","null","null"
"2023:4:CSE:510:A","10:00 AM - 11:20 AM","TTh","null","null"
"2023:4:CSE:519:A","3:30 PM - 5:20 PM","T","CSE2","G20"
"2023:4:CSE:519:B","4:30 PM - 6:20 PM","MWF","CSE2","G20"
"2023:4:CSE:519:C","4:30 PM - 6:20 PM","MTWThF","CSE2","G01"
"2023:4:CSE:519:A","3:30 PM - 5:20 PM","T","CSE2","G20"
"2023:4:CSE:519:B","4:30 PM - 6:20 PM","MWF","CSE2","G20"
"2023:4:CSE:519:C","4:30 PM - 6:20 PM","MTWThF","CSE2","G01"
"2023:4:CSE:520:A","3:30 PM - 5:20 PM","Th","CSE2","G20"
"2023:4:CSE:520:B","4:30 PM - 6:20 PM","MTTh","CSE2","G10"
"2023:4:CSE:520:C","2:30 PM - 3:20 PM","TTh","CSE2","G20"
"2023:4:CSE:520:A","3:30 PM - 5:20 PM","Th","CSE2","G20"
"2023:4:CSE:520:B","4:30 PM - 6:20 PM","MTTh","CSE2","G10"
"2023:4:CSE:520:C","2:30 PM - 3:20 PM","TTh","CSE2","G20"
"2023:4:CSE:521:A","10:00 AM - 11:20 AM","TTh","CSE2","G01"
"2023:4:CSE:527:A","11:30 AM - 12:50 PM","TTh","CSE2","G10"
"2023:4:CSE:535:A","1:30 PM - 2:50 PM","MW","LOW","205"
"2023:4:CSE:546:A","9:00 AM - 10:20 AM","MW","CSE2","G20"
"2023:4:CSE:548:A","null","null","null","null"
"2023:4:CSE:550:A","11:30 AM - 12:50 PM","MW","MEB","242"
"2023:4:AMATH:571:A","1:30 PM - 2:50 PM","MW","MEB","248"
"2023:4:CSE:583:A","11:30 AM - 12:50 PM","TTh","NAN","181"
"2023:4:E E:523:A","11:30 AM - 12:20 PM","MWF","THO","101"
"2023:4:CSE:590:A","null","null","null","null"
"2023:4:CSE:590:B","null","null","null","null"
"2023:4:CSE:590:C","3:30 PM - 4:50 PM","M","null","null"
"2023:4:CSE:590:C1","12:00 PM - 12:50 PM","T","MEB","103"
"2023:4:CSE:590:D","null","null","null","null"
"2023:4:CSE:590:E","10:30 AM - 11:20 AM","Th","OUG","141"
"2023:4:CSE:590:E1","null","null","null","null"
"2023:4:CSE:590:F","1:30 PM - 2:20 PM","T","CSE","203"
"2023:4:CSE:590:G","null","null","null","null"
"2023:4:CSE:590:H","null","null","null","null"
"2023:4:CSE:590:I","null","null","null","null"
"2023:4:CSE:590:J","null","null","null","null"
"2023:4:CSE:590:K","null","null","null","null"
"2023:4:CSE:590:L","null","null","null","null"
"2023:4:CSE:590:M","null","null","null","null"
"2023:4:CSE:590:M1","null","null","null","null"
"2023:4:CSE:590:N","null","null","null","null"
"2023:4:CSE:590:O","null","null","null","null"
"2023:4:CSE:590:P","null","null","null","null"
"2023:4:CSE:590:Q","null","null","null","null"
"2023:4:CSE:590:R","1:30 PM - 2:20 PM","F","SIG","225"
"2023:4:CSE:590:S","1:30 PM - 2:20 PM","W","ECE","025"
"2023:4:CSE:590:T","null","null","null","null"
"2023:4:CSE:590:U","null","null","null","null"
"2023:4:CSE:590:V","null","null","null","null"
"2023:4:CSE:590:W","null","null","null","null"
"2023:4:CSE:590:X","null","null","null","null"
"2023:4:CSE:590:Y","2:30 PM - 3:20 PM","W","ECE","042"
"2023:4:CSE:590:Z","1:30 PM - 2:20 PM","T","SIG","226"
"2023:4:CSE:591:A","null","null","null","null"
"2023:4:CSE:591:B","null","null","null","null"
"2023:4:CSE:591:C","null","null","null","null"
"2023:4:CSE:591:D","2:30 PM - 3:20 PM","F","ECE","031"
"2023:4:CSE:591:E","null","null","null","null"
"2023:4:CSE:591:F","null","null","null","null"
"2023:4:CSE:591:G","null","null","null","null"
"2023:4:CSE:591:H","null","null","null","null"
"2023:4:CSE:591:I","null","null","null","null"
"2023:4:CSE:591:J","null","null","null","null"
"2023:4:CSE:591:K","null","null","null","null"
"2023:4:CSE:591:L","null","null","null","null"
"2023:4:CSE:591:M","null","null","null","null"
"2023:4:CSE:591:N","null","null","null","null"
"2023:4:CSE:591:O","null","null","null","null"
"2023:4:CSE:591:P","null","null","null","null"
"2023:4:CSE:591:Q","null","null","null","null"
"2023:4:CSE:591:R","null","null","null","null"
"2023:4:CSE:591:S","null","null","null","null"
"2023:4:CSE:591:T","null","null","null","null"
"2023:4:CSE:591:U","null","null","null","null"
"2023:4:CSE:591:V","null","null","null","null"
"2023:4:CSE:591:W","null","null","null","null"
"2023:4:CSE:591:X","null","null","null","null"
"2023:4:CSE:591:Y","null","null","null","null"
"2023:4:CSE:591:Z","null","null","null","null"
"2023:4:CSE:599:A","null","null","null","null"
"2023:4:CSE:599:B","null","null","null","null"
"2023:4:CSE:599:C","3:00 PM - 4:20 PM","MW","null","null"
"2023:4:CSE:599:D","11:30 AM - 12:50 PM","TTh","CSE2","G01"
"2023:4:CSE:599:E","1:30 PM - 2:50 PM","MW","null","null"
"2023:4:CSE:599:F","10:00 AM - 11:20 AM","TTh","null","null"
"2023:4:CSE:599:G","10:00 AM - 11:20 AM","WF","null","null"
"2023:4:CSE:599:G1","10:00 AM - 11:20 AM","TTh","CSE2","G20"
"2023:4:CSE:599:I","1:30 PM - 2:50 PM","MW","null","null"
"2023:4:CSE:599:J","10:00 AM - 11:20 AM","MW","null","null"
"2023:4:CSE:599:J1","9:00 AM - 10:20 AM","MW","null","null"
"2023:4:CSE:599:M","10:00 AM - 11:20 AM","TTh","null","null"
"2023:4:CSE:599:N","null","null","null","null"
"2023:4:CSE:599:O","null","null","null","null"
"2023:4:CSE:599:P","null","null","null","null"
"2023:4:CSE:599:Q","11:30 AM - 12:50 PM","TTh","ECE","031"
"2023:4:CSE:600:A","null","null","null","null"
"2023:4:CSE:600:A","null","null","null","null"
"2023:4:CSE:601:A","null","null","null","null"
"2023:4:CSE:601:A","null","null","null","null"
"2023:4:CSE:700:A","null","null","null","null"
"2023:4:CSE:700:A","null","null","null","null"
"2023:4:CSE:800:A","null","null","null","null"
"2023:4:CSE:800:A","null","null","null","null"