"activity_id","course_id","quarter","building","room","meeting_days","meeting_times"
"CSE121 A","2a94a8e8-66d8-4c03-9da1-ac1e32e5e171","SU 23","PAA","A102","WF","12:00 PM - 1:00 PM"
"CSE121 AA","2a94a8e8-66d8-4c03-9da1-ac1e32e5e171","SU 23","SAV","136","TTh","9:40 AM - 10:40 AM"
"CSE121 AB","2a94a8e8-66d8-4c03-9da1-ac1e32e5e171","SU 23","MGH","074","TTh","10:50 AM - 11:50 AM"
"CSE121 AC","2a94a8e8-66d8-4c03-9da1-ac1e32e5e171","SU 23","SWS","030","TTh","12:00 PM - 1:00 PM"
"CSE121 AD","2a94a8e8-66d8-4c03-9da1-ac1e32e5e171","SU 23","BNS","115","TTh","12:00 PM - 1:00 PM"
"CSE121 AE","2a94a8e8-66d8-4c03-9da1-ac1e32e5e171","SU 23","SAV","158","TTh","1:10 PM - 2:10 PM"
"CSE121 AF","2a94a8e8-66d8-4c03-9da1-ac1e32e5e171","SU 23","CHL","105","TTh","12:00 PM - 1:00 PM"
"CSE121 AG","2a94a8e8-66d8-4c03-9da1-ac1e32e5e171","AU 23","ART","317","TTh","2:30 PM - 3:20 PM"
"CSE121 AH","2a94a8e8-66d8-4c03-9da1-ac1e32e5e171","AU 23","ART","004","TTh","3:30 PM - 4:20 PM"
"CSE121 AI","2a94a8e8-66d8-4c03-9da1-ac1e32e5e171","AU 23","MGH","284","TTh","8:30 AM - 9:20 AM"
"CSE121 AJ","2a94a8e8-66d8-4c03-9da1-ac1e32e5e171","AU 23","MGH","082A","TTh","9:30 AM - 10:20 AM"
"CSE121 AK","2a94a8e8-66d8-4c03-9da1-ac1e32e5e171","AU 23","LOW","118","TTh","10:30 AM - 11:20 AM"
"CSE121 AL","2a94a8e8-66d8-4c03-9da1-ac1e32e5e171","AU 23","LOW","201","TTh","11:30 AM - 12:20 PM"
"CSE121 AM","2a94a8e8-66d8-4c03-9da1-ac1e32e5e171","AU 23","LOW","114","TTh","12:30 PM - 1:20 PM"
"CSE121 AN","2a94a8e8-66d8-4c03-9da1-ac1e32e5e171","AU 23","MGH","082A","TTh","1:30 PM - 2:20 PM"
"CSE121 AO","2a94a8e8-66d8-4c03-9da1-ac1e32e5e171","AU 23","ECE","003","TTh","2:30 PM - 3:20 PM"
"CSE121 AP","2a94a8e8-66d8-4c03-9da1-ac1e32e5e171","AU 23","ART","006","TTh","3:30 PM - 4:20 PM"
"CSE121 AQ","2a94a8e8-66d8-4c03-9da1-ac1e32e5e171","AU 23","MGH","251","TTh","8:30 AM - 9:20 AM"
"CSE121 AR","2a94a8e8-66d8-4c03-9da1-ac1e32e5e171","AU 23","LOW","118","TTh","9:30 AM - 10:20 AM"
"CSE121 AS","2a94a8e8-66d8-4c03-9da1-ac1e32e5e171","AU 23","MGH","288","TTh","10:30 AM - 11:20 AM"
"CSE121 AT","2a94a8e8-66d8-4c03-9da1-ac1e32e5e171","AU 23","MGH","248","TTh","10:30 AM - 11:20 AM"
"CSE121 AU","2a94a8e8-66d8-4c03-9da1-ac1e32e5e171","AU 23","ART","317","TTh","11:30 AM - 12:20 PM"
"CSE121 AV","2a94a8e8-66d8-4c03-9da1-ac1e32e5e171","AU 23","LOW","113","TTh","12:30 PM - 1:20 PM"
"CSE121 AW","2a94a8e8-66d8-4c03-9da1-ac1e32e5e171","AU 23","AND","223","TTh","1:30 PM - 2:20 PM"
"CSE121 B","2a94a8e8-66d8-4c03-9da1-ac1e32e5e171","AU 23","KNE","120","WF","3:30 PM - 4:20 PM"
"CSE121 BA","2a94a8e8-66d8-4c03-9da1-ac1e32e5e171","AU 23","MGH","074","TTh","8:30 AM - 9:20 AM"
"CSE121 BB","2a94a8e8-66d8-4c03-9da1-ac1e32e5e171","AU 23","MGH","248","TTh","9:30 AM - 10:20 AM"
"CSE121 BC","2a94a8e8-66d8-4c03-9da1-ac1e32e5e171","AU 23","MGH","082A","TTh","10:30 AM - 11:20 AM"
"CSE121 BD","2a94a8e8-66d8-4c03-9da1-ac1e32e5e171","AU 23","ARC","G070","TTh","11:30 AM - 12:20 PM"
"CSE121 BE","2a94a8e8-66d8-4c03-9da1-ac1e32e5e171","AU 23","MGH","288","TTh","12:30 PM - 1:20 PM"
"CSE121 BF","2a94a8e8-66d8-4c03-9da1-ac1e32e5e171","AU 23","MGH","284","TTh","1:30 PM - 2:20 PM"
"CSE121 BG","2a94a8e8-66d8-4c03-9da1-ac1e32e5e171","AU 23","MGH","074","TTh","2:30 PM - 3:20 PM"
"CSE121 BH","2a94a8e8-66d8-4c03-9da1-ac1e32e5e171","AU 23","MGH","284","TTh","3:30 PM - 4:20 PM"
"CSE121 BI","2a94a8e8-66d8-4c03-9da1-ac1e32e5e171","AU 23","MGH","082A","TTh","8:30 AM - 9:20 AM"
"CSE121 BJ","2a94a8e8-66d8-4c03-9da1-ac1e32e5e171","AU 23","LOW","115","TTh","9:30 AM - 10:20 AM"
"CSE121 BK","2a94a8e8-66d8-4c03-9da1-ac1e32e5e171","AU 23","PAA","A212","TTh","10:30 AM - 11:20 AM"
"CSE121 BL","2a94a8e8-66d8-4c03-9da1-ac1e32e5e171","AU 23","MGH","248","TTh","11:30 AM - 12:20 PM"
"CSE121 BM","2a94a8e8-66d8-4c03-9da1-ac1e32e5e171","AU 23","MGH","074","TTh","12:30 PM - 1:20 PM"
"CSE121 BN","2a94a8e8-66d8-4c03-9da1-ac1e32e5e171","AU 23","KNE","110","TTh","1:30 PM - 2:20 PM"
"CSE121 BO","2a94a8e8-66d8-4c03-9da1-ac1e32e5e171","AU 23","JHN","111","TTh","2:30 PM - 3:20 PM"
"CSE121 BP","2a94a8e8-66d8-4c03-9da1-ac1e32e5e171","AU 23","MGH","074","TTh","3:30 PM - 4:20 PM"
"CSE121 BQ","2a94a8e8-66d8-4c03-9da1-ac1e32e5e171","AU 23","MGH","287","TTh","8:30 AM - 9:20 AM"
"CSE121 BR","2a94a8e8-66d8-4c03-9da1-ac1e32e5e171","AU 23","LOW","116","TTh","9:30 AM - 10:20 AM"
"CSE121 BS","2a94a8e8-66d8-4c03-9da1-ac1e32e5e171","AU 23","FTR","106","TTh","10:30 AM - 11:20 AM"
"CSE121 BT","2a94a8e8-66d8-4c03-9da1-ac1e32e5e171","AU 23","LOW","118","TTh","11:30 AM - 12:20 PM"
"CSE121 A","2a94a8e8-66d8-4c03-9da1-ac1e32e5e171","SU 23","PAA","A102","WF","12:00 PM - 1:00 PM"
"CSE121 AA","2a94a8e8-66d8-4c03-9da1-ac1e32e5e171","SU 23","SAV","136","TTh","9:40 AM - 10:40 AM"
"CSE121 AB","2a94a8e8-66d8-4c03-9da1-ac1e32e5e171","SU 23","MGH","074","TTh","10:50 AM - 11:50 AM"
"CSE121 AC","2a94a8e8-66d8-4c03-9da1-ac1e32e5e171","SU 23","SWS","030","TTh","12:00 PM - 1:00 PM"
"CSE121 AD","2a94a8e8-66d8-4c03-9da1-ac1e32e5e171","SU 23","BNS","115","TTh","12:00 PM - 1:00 PM"
"CSE121 AE","2a94a8e8-66d8-4c03-9da1-ac1e32e5e171","SU 23","SAV","158","TTh","1:10 PM - 2:10 PM"
"CSE121 AF","2a94a8e8-66d8-4c03-9da1-ac1e32e5e171","SU 23","CHL","105","TTh","12:00 PM - 1:00 PM"
"CSE121 AG","2a94a8e8-66d8-4c03-9da1-ac1e32e5e171","AU 23","ART","317","TTh","2:30 PM - 3:20 PM"
"CSE121 AH","2a94a8e8-66d8-4c03-9da1-ac1e32e5e171","AU 23","ART","004","TTh","3:30 PM - 4:20 PM"
"CSE121 AI","2a94a8e8-66d8-4c03-9da1-ac1e32e5e171","AU 23","MGH","284","TTh","8:30 AM - 9:20 AM"
"CSE121 AJ","2a94a8e8-66d8-4c03-9da1-ac1e32e5e171","AU 23","MGH","082A","TTh","9:30 AM - 10:20 AM"
"CSE121 AK","2a94a8e8-66d8-4c03-9da1-ac1e32e5e171","AU 23","LOW","118","TTh","10:30 AM - 11:20 AM"
"CSE121 AL","2a94a8e8-66d8-4c03-9da1-ac1e32e5e171","AU 23","LOW","201","TTh","11:30 AM - 12:20 PM"
"CSE121 AM","2a94a8e8-66d8-4c03-9da1-ac1e32e5e171","AU 23","LOW","114","TTh","12:30 PM - 1:20 PM"
"CSE121 AN","2a94a8e8-66d8-4c03-9da1-ac1e32e5e171","AU 23","MGH","082A","TTh","1:30 PM - 2:20 PM"
"CSE121 AO","2a94a8e8-66d8-4c03-9da1-ac1e32e5e171","AU 23","ECE","003","TTh","2:30 PM - 3:20 PM"
"CSE121 AP","2a94a8e8-66d8-4c03-9da1-ac1e32e5e171","AU 23","ART","006","TTh","3:30 PM - 4:20 PM"
"CSE121 AQ","2a94a8e8-66d8-4c03-9da1-ac1e32e5e171","AU 23","MGH","251","TTh","8:30 AM - 9:20 AM"
"CSE121 AR","2a94a8e8-66d8-4c03-9da1-ac1e32e5e171","AU 23","LOW","118","TTh","9:30 AM - 10:20 AM"
"CSE121 AS","2a94a8e8-66d8-4c03-9da1-ac1e32e5e171","AU 23","MGH","288","TTh","10:30 AM - 11:20 AM"
"CSE121 AT","2a94a8e8-66d8-4c03-9da1-ac1e32e5e171","AU 23","MGH","248","TTh","10:30 AM - 11:20 AM"
"CSE121 AU","2a94a8e8-66d8-4c03-9da1-ac1e32e5e171","AU 23","ART","317","TTh","11:30 AM - 12:20 PM"
"CSE121 AV","2a94a8e8-66d8-4c03-9da1-ac1e32e5e171","AU 23","LOW","113","TTh","12:30 PM - 1:20 PM"
"CSE121 AW","2a94a8e8-66d8-4c03-9da1-ac1e32e5e171","AU 23","AND","223","TTh","1:30 PM - 2:20 PM"
"CSE121 B","2a94a8e8-66d8-4c03-9da1-ac1e32e5e171","AU 23","KNE","120","WF","3:30 PM - 4:20 PM"
"CSE121 BA","2a94a8e8-66d8-4c03-9da1-ac1e32e5e171","AU 23","MGH","074","TTh","8:30 AM - 9:20 AM"
"CSE121 BB","2a94a8e8-66d8-4c03-9da1-ac1e32e5e171","AU 23","MGH","248","TTh","9:30 AM - 10:20 AM"
"CSE121 BC","2a94a8e8-66d8-4c03-9da1-ac1e32e5e171","AU 23","MGH","082A","TTh","10:30 AM - 11:20 AM"
"CSE121 BD","2a94a8e8-66d8-4c03-9da1-ac1e32e5e171","AU 23","ARC","G070","TTh","11:30 AM - 12:20 PM"
"CSE121 BE","2a94a8e8-66d8-4c03-9da1-ac1e32e5e171","AU 23","MGH","288","TTh","12:30 PM - 1:20 PM"
"CSE121 BF","2a94a8e8-66d8-4c03-9da1-ac1e32e5e171","AU 23","MGH","284","TTh","1:30 PM - 2:20 PM"
"CSE121 BG","2a94a8e8-66d8-4c03-9da1-ac1e32e5e171","AU 23","MGH","074","TTh","2:30 PM - 3:20 PM"
"CSE121 BH","2a94a8e8-66d8-4c03-9da1-ac1e32e5e171","AU 23","MGH","284","TTh","3:30 PM - 4:20 PM"
"CSE121 BI","2a94a8e8-66d8-4c03-9da1-ac1e32e5e171","AU 23","MGH","082A","TTh","8:30 AM - 9:20 AM"
"CSE121 BJ","2a94a8e8-66d8-4c03-9da1-ac1e32e5e171","AU 23","LOW","115","TTh","9:30 AM - 10:20 AM"
"CSE121 BK","2a94a8e8-66d8-4c03-9da1-ac1e32e5e171","AU 23","PAA","A212","TTh","10:30 AM - 11:20 AM"
"CSE121 BL","2a94a8e8-66d8-4c03-9da1-ac1e32e5e171","AU 23","MGH","248","TTh","11:30 AM - 12:20 PM"
"CSE121 BM","2a94a8e8-66d8-4c03-9da1-ac1e32e5e171","AU 23","MGH","074","TTh","12:30 PM - 1:20 PM"
"CSE121 BN","2a94a8e8-66d8-4c03-9da1-ac1e32e5e171","AU 23","KNE","110","TTh","1:30 PM - 2:20 PM"
"CSE121 BO","2a94a8e8-66d8-4c03-9da1-ac1e32e5e171","AU 23","JHN","111","TTh","2:30 PM - 3:20 PM"
"CSE121 BP","2a94a8e8-66d8-4c03-9da1-ac1e32e5e171","AU 23","MGH","074","TTh","3:30 PM - 4:20 PM"
"CSE121 BQ","2a94a8e8-66d8-4c03-9da1-ac1e32e5e171","AU 23","MGH","287","TTh","8:30 AM - 9:20 AM"
"CSE121 BR","2a94a8e8-66d8-4c03-9da1-ac1e32e5e171","AU 23","LOW","116","TTh","9:30 AM - 10:20 AM"
"CSE121 BS","2a94a8e8-66d8-4c03-9da1-ac1e32e5e171","AU 23","FTR","106","TTh","10:30 AM - 11:20 AM"
"CSE121 BT","2a94a8e8-66d8-4c03-9da1-ac1e32e5e171","AU 23","LOW","118","TTh","11:30 AM - 12:20 PM"
"CSE122 A","e38904c7-407c-44c0-aae8-4e402b77af1d","SU 23","PCAR","192","WF","10:50 AM - 11:50 AM"
"CSE122 AA","e38904c7-407c-44c0-aae8-4e402b77af1d","SU 23","SAV","139","TTh","9:40 AM - 10:40 AM"
"CSE122 AB","e38904c7-407c-44c0-aae8-4e402b77af1d","SU 23","MGH","082A","TTh","10:50 AM - 11:50 AM"
"CSE122 AC","e38904c7-407c-44c0-aae8-4e402b77af1d","SU 23","THO","119","TTh","10:50 AM - 11:50 AM"
"CSE122 AD","e38904c7-407c-44c0-aae8-4e402b77af1d","SU 23","JHN","075","TTh","10:50 AM - 11:50 AM"
"CSE122 AE","e38904c7-407c-44c0-aae8-4e402b77af1d","SU 23","MGH","082A","TTh","12:00 PM - 1:00 PM"
"CSE122 AF","e38904c7-407c-44c0-aae8-4e402b77af1d","SU 23","SAV","164","TTh","1:10 PM - 2:10 PM"
"CSE122 AG","e38904c7-407c-44c0-aae8-4e402b77af1d","AU 23","SAV","164","TTh","2:30 PM - 3:20 PM"
"CSE122 AH","e38904c7-407c-44c0-aae8-4e402b77af1d","AU 23","SAV","136","TTh","3:30 PM - 4:20 PM"
"CSE122 AI","e38904c7-407c-44c0-aae8-4e402b77af1d","AU 23","SAV","130","TTh","8:30 AM - 9:20 AM"
"CSE122 AJ","e38904c7-407c-44c0-aae8-4e402b77af1d","AU 23","SAV","139","TTh","9:30 AM - 10:20 AM"
"CSE122 AK","e38904c7-407c-44c0-aae8-4e402b77af1d","AU 23","SAV","158","TTh","10:30 AM - 11:20 AM"
"CSE122 AL","e38904c7-407c-44c0-aae8-4e402b77af1d","AU 23","SAV","157","TTh","11:30 AM - 12:20 PM"
"CSE122 AM","e38904c7-407c-44c0-aae8-4e402b77af1d","AU 23","SAV","168","TTh","12:30 PM - 1:20 PM"
"CSE122 AN","e38904c7-407c-44c0-aae8-4e402b77af1d","AU 23","THO","135","TTh","1:30 PM - 2:20 PM"
"CSE122 AO","e38904c7-407c-44c0-aae8-4e402b77af1d","AU 23","CDH","110B","TTh","2:30 PM - 3:20 PM"
"CSE122 AP","e38904c7-407c-44c0-aae8-4e402b77af1d","AU 23","SAV","164","TTh","3:30 PM - 4:20 PM"
"CSE122 B","e38904c7-407c-44c0-aae8-4e402b77af1d","AU 23","GUG","220","WF","3:30 PM - 4:20 PM"
"CSE122 BA","e38904c7-407c-44c0-aae8-4e402b77af1d","AU 23","SAV","157","TTh","8:30 AM - 9:20 AM"
"CSE122 BB","e38904c7-407c-44c0-aae8-4e402b77af1d","AU 23","SAV","137","TTh","9:30 AM - 10:20 AM"
"CSE122 BC","e38904c7-407c-44c0-aae8-4e402b77af1d","AU 23","SAV","136","TTh","10:30 AM - 11:20 AM"
"CSE122 BD","e38904c7-407c-44c0-aae8-4e402b77af1d","AU 23","SAV","131","TTh","11:30 AM - 12:20 PM"
"CSE122 BE","e38904c7-407c-44c0-aae8-4e402b77af1d","AU 23","SAV","164","TTh","12:30 PM - 1:20 PM"
"CSE122 BF","e38904c7-407c-44c0-aae8-4e402b77af1d","AU 23","SAV","162","TTh","1:30 PM - 2:20 PM"
"CSE122 BG","e38904c7-407c-44c0-aae8-4e402b77af1d","AU 23","CDH","115","TTh","2:30 PM - 3:20 PM"
"CSE122 BH","e38904c7-407c-44c0-aae8-4e402b77af1d","AU 23","SAV","137","TTh","3:30 PM - 4:20 PM"
"CSE122 BI","e38904c7-407c-44c0-aae8-4e402b77af1d","AU 23","SAV","162","TTh","8:30 AM - 9:20 AM"
"CSE122 BJ","e38904c7-407c-44c0-aae8-4e402b77af1d","AU 23","SAV","130","TTh","9:30 AM - 10:20 AM"
"CSE122 BK","e38904c7-407c-44c0-aae8-4e402b77af1d","AU 23","SAV","164","TTh","10:30 AM - 11:20 AM"
"CSE122 BL","e38904c7-407c-44c0-aae8-4e402b77af1d","AU 23","SAV","164","TTh","11:30 AM - 12:20 PM"
"CSE122 BM","e38904c7-407c-44c0-aae8-4e402b77af1d","AU 23","SAV","137","TTh","12:30 PM - 1:20 PM"
"CSE122 BN","e38904c7-407c-44c0-aae8-4e402b77af1d","AU 23","FSH","109","TTh","1:30 PM - 2:20 PM"
"CSE122 BO","e38904c7-407c-44c0-aae8-4e402b77af1d","AU 23","CMU","228","TTh","2:30 PM - 3:20 PM"
"CSE122 BP","e38904c7-407c-44c0-aae8-4e402b77af1d","AU 23","SAV","158","TTh","3:30 PM - 4:20 PM"
"CSE122 A","e38904c7-407c-44c0-aae8-4e402b77af1d","SU 23","PCAR","192","WF","10:50 AM - 11:50 AM"
"CSE122 AA","e38904c7-407c-44c0-aae8-4e402b77af1d","SU 23","SAV","139","TTh","9:40 AM - 10:40 AM"
"CSE122 AB","e38904c7-407c-44c0-aae8-4e402b77af1d","SU 23","MGH","082A","TTh","10:50 AM - 11:50 AM"
"CSE122 AC","e38904c7-407c-44c0-aae8-4e402b77af1d","SU 23","THO","119","TTh","10:50 AM - 11:50 AM"
"CSE122 AD","e38904c7-407c-44c0-aae8-4e402b77af1d","SU 23","JHN","075","TTh","10:50 AM - 11:50 AM"
"CSE122 AE","e38904c7-407c-44c0-aae8-4e402b77af1d","SU 23","MGH","082A","TTh","12:00 PM - 1:00 PM"
"CSE122 AF","e38904c7-407c-44c0-aae8-4e402b77af1d","SU 23","SAV","164","TTh","1:10 PM - 2:10 PM"
"CSE122 AG","e38904c7-407c-44c0-aae8-4e402b77af1d","AU 23","SAV","164","TTh","2:30 PM - 3:20 PM"
"CSE122 AH","e38904c7-407c-44c0-aae8-4e402b77af1d","AU 23","SAV","136","TTh","3:30 PM - 4:20 PM"
"CSE122 AI","e38904c7-407c-44c0-aae8-4e402b77af1d","AU 23","SAV","130","TTh","8:30 AM - 9:20 AM"
"CSE122 AJ","e38904c7-407c-44c0-aae8-4e402b77af1d","AU 23","SAV","139","TTh","9:30 AM - 10:20 AM"
"CSE122 AK","e38904c7-407c-44c0-aae8-4e402b77af1d","AU 23","SAV","158","TTh","10:30 AM - 11:20 AM"
"CSE122 AL","e38904c7-407c-44c0-aae8-4e402b77af1d","AU 23","SAV","157","TTh","11:30 AM - 12:20 PM"
"CSE122 AM","e38904c7-407c-44c0-aae8-4e402b77af1d","AU 23","SAV","168","TTh","12:30 PM - 1:20 PM"
"CSE122 AN","e38904c7-407c-44c0-aae8-4e402b77af1d","AU 23","THO","135","TTh","1:30 PM - 2:20 PM"
"CSE122 AO","e38904c7-407c-44c0-aae8-4e402b77af1d","AU 23","CDH","110B","TTh","2:30 PM - 3:20 PM"
"CSE122 AP","e38904c7-407c-44c0-aae8-4e402b77af1d","AU 23","SAV","164","TTh","3:30 PM - 4:20 PM"
"CSE122 B","e38904c7-407c-44c0-aae8-4e402b77af1d","AU 23","GUG","220","WF","3:30 PM - 4:20 PM"
"CSE122 BA","e38904c7-407c-44c0-aae8-4e402b77af1d","AU 23","SAV","157","TTh","8:30 AM - 9:20 AM"
"CSE122 BB","e38904c7-407c-44c0-aae8-4e402b77af1d","AU 23","SAV","137","TTh","9:30 AM - 10:20 AM"
"CSE122 BC","e38904c7-407c-44c0-aae8-4e402b77af1d","AU 23","SAV","136","TTh","10:30 AM - 11:20 AM"
"CSE122 BD","e38904c7-407c-44c0-aae8-4e402b77af1d","AU 23","SAV","131","TTh","11:30 AM - 12:20 PM"
"CSE122 BE","e38904c7-407c-44c0-aae8-4e402b77af1d","AU 23","SAV","164","TTh","12:30 PM - 1:20 PM"
"CSE122 BF","e38904c7-407c-44c0-aae8-4e402b77af1d","AU 23","SAV","162","TTh","1:30 PM - 2:20 PM"
"CSE122 BG","e38904c7-407c-44c0-aae8-4e402b77af1d","AU 23","CDH","115","TTh","2:30 PM - 3:20 PM"
"CSE122 BH","e38904c7-407c-44c0-aae8-4e402b77af1d","AU 23","SAV","137","TTh","3:30 PM - 4:20 PM"
"CSE122 BI","e38904c7-407c-44c0-aae8-4e402b77af1d","AU 23","SAV","162","TTh","8:30 AM - 9:20 AM"
"CSE122 BJ","e38904c7-407c-44c0-aae8-4e402b77af1d","AU 23","SAV","130","TTh","9:30 AM - 10:20 AM"
"CSE122 BK","e38904c7-407c-44c0-aae8-4e402b77af1d","AU 23","SAV","164","TTh","10:30 AM - 11:20 AM"
"CSE122 BL","e38904c7-407c-44c0-aae8-4e402b77af1d","AU 23","SAV","164","TTh","11:30 AM - 12:20 PM"
"CSE122 BM","e38904c7-407c-44c0-aae8-4e402b77af1d","AU 23","SAV","137","TTh","12:30 PM - 1:20 PM"
"CSE122 BN","e38904c7-407c-44c0-aae8-4e402b77af1d","AU 23","FSH","109","TTh","1:30 PM - 2:20 PM"
"CSE122 BO","e38904c7-407c-44c0-aae8-4e402b77af1d","AU 23","CMU","228","TTh","2:30 PM - 3:20 PM"
"CSE122 BP","e38904c7-407c-44c0-aae8-4e402b77af1d","AU 23","SAV","158","TTh","3:30 PM - 4:20 PM"
"CSE123 A","3f2804ee-24e3-48bb-aa87-6b12cc919a87","SU 23","PAA","A102","WF","10:50 AM - 11:50 AM"
"CSE123 AA","3f2804ee-24e3-48bb-aa87-6b12cc919a87","SU 23","DEN","113","TTh","9:40 AM - 10:40 AM"
"CSE123 AB","3f2804ee-24e3-48bb-aa87-6b12cc919a87","SU 23","DEN","212","TTh","10:50 AM - 11:50 AM"
"CSE123 AC","3f2804ee-24e3-48bb-aa87-6b12cc919a87","SU 23","DEN","113","TTh","10:50 AM - 11:50 AM"
"CSE123 AD","3f2804ee-24e3-48bb-aa87-6b12cc919a87","SU 23","DEN","258","TTh","10:50 AM - 11:50 AM"
"CSE123 AE","3f2804ee-24e3-48bb-aa87-6b12cc919a87","SU 23","DEN","111","TTh","12:00 PM - 1:00 PM"
"CSE123 AF","3f2804ee-24e3-48bb-aa87-6b12cc919a87","SU 23","DEN","111","TTh","1:10 PM - 2:10 PM"
"CSE123 AG","3f2804ee-24e3-48bb-aa87-6b12cc919a87","AU 23","MGH","248","TTh","2:30 PM - 3:20 PM"
"CSE123 AH","3f2804ee-24e3-48bb-aa87-6b12cc919a87","AU 23","MGH","288","TTh","3:30 PM - 4:20 PM"
"CSE123 AI","3f2804ee-24e3-48bb-aa87-6b12cc919a87","AU 23","MEB","251","TTh","8:30 AM - 9:20 AM"
"CSE123 AJ","3f2804ee-24e3-48bb-aa87-6b12cc919a87","AU 23","LOW","117","TTh","9:30 AM - 10:20 AM"
"CSE123 AK","3f2804ee-24e3-48bb-aa87-6b12cc919a87","AU 23","THO","235","TTh","10:30 AM - 11:20 AM"
"CSE123 AL","3f2804ee-24e3-48bb-aa87-6b12cc919a87","AU 23","MGH","074","TTh","11:30 AM - 12:20 PM"
"CSE123 AM","3f2804ee-24e3-48bb-aa87-6b12cc919a87","AU 23","MGH","248","TTh","12:30 PM - 1:20 PM"
"CSE123 AN","3f2804ee-24e3-48bb-aa87-6b12cc919a87","AU 23","MGH","074","TTh","1:30 PM - 2:20 PM"
"CSE123 AO","3f2804ee-24e3-48bb-aa87-6b12cc919a87","AU 23","MGH","284","TTh","2:30 PM - 3:20 PM"
"CSE123 AP","3f2804ee-24e3-48bb-aa87-6b12cc919a87","AU 23","MGH","248","TTh","3:30 PM - 4:20 PM"
"CSE123 A","3f2804ee-24e3-48bb-aa87-6b12cc919a87","SU 23","PAA","A102","WF","10:50 AM - 11:50 AM"
"CSE123 AA","3f2804ee-24e3-48bb-aa87-6b12cc919a87","SU 23","DEN","113","TTh","9:40 AM - 10:40 AM"
"CSE123 AB","3f2804ee-24e3-48bb-aa87-6b12cc919a87","SU 23","DEN","212","TTh","10:50 AM - 11:50 AM"
"CSE123 AC","3f2804ee-24e3-48bb-aa87-6b12cc919a87","SU 23","DEN","113","TTh","10:50 AM - 11:50 AM"
"CSE123 AD","3f2804ee-24e3-48bb-aa87-6b12cc919a87","SU 23","DEN","258","TTh","10:50 AM - 11:50 AM"
"CSE123 AE","3f2804ee-24e3-48bb-aa87-6b12cc919a87","SU 23","DEN","111","TTh","12:00 PM - 1:00 PM"
"CSE123 AF","3f2804ee-24e3-48bb-aa87-6b12cc919a87","SU 23","DEN","111","TTh","1:10 PM - 2:10 PM"
"CSE123 AG","3f2804ee-24e3-48bb-aa87-6b12cc919a87","AU 23","MGH","248","TTh","2:30 PM - 3:20 PM"
"CSE123 AH","3f2804ee-24e3-48bb-aa87-6b12cc919a87","AU 23","MGH","288","TTh","3:30 PM - 4:20 PM"
"CSE123 AI","3f2804ee-24e3-48bb-aa87-6b12cc919a87","AU 23","MEB","251","TTh","8:30 AM - 9:20 AM"
"CSE123 AJ","3f2804ee-24e3-48bb-aa87-6b12cc919a87","AU 23","LOW","117","TTh","9:30 AM - 10:20 AM"
"CSE123 AK","3f2804ee-24e3-48bb-aa87-6b12cc919a87","AU 23","THO","235","TTh","10:30 AM - 11:20 AM"
"CSE123 AL","3f2804ee-24e3-48bb-aa87-6b12cc919a87","AU 23","MGH","074","TTh","11:30 AM - 12:20 PM"
"CSE123 AM","3f2804ee-24e3-48bb-aa87-6b12cc919a87","AU 23","MGH","248","TTh","12:30 PM - 1:20 PM"
"CSE123 AN","3f2804ee-24e3-48bb-aa87-6b12cc919a87","AU 23","MGH","074","TTh","1:30 PM - 2:20 PM"
"CSE123 AO","3f2804ee-24e3-48bb-aa87-6b12cc919a87","AU 23","MGH","284","TTh","2:30 PM - 3:20 PM"
"CSE123 AP","3f2804ee-24e3-48bb-aa87-6b12cc919a87","AU 23","MGH","248","TTh","3:30 PM - 4:20 PM"
"CSE154 A","c6a0c79a-9fff-447c-88a9-ad71d877771f","SU 23","JHN","075","MWF","8:30 AM - 9:20 AM"
"CSE154 AA","c6a0c79a-9fff-447c-88a9-ad71d877771f","SU 23","JHN","026","TTh","9:40 AM - 10:40 AM"
"CSE154 AB","c6a0c79a-9fff-447c-88a9-ad71d877771f","SU 23","JHN","026","TTh","10:50 AM - 11:50 AM"
"CSE154 AC","c6a0c79a-9fff-447c-88a9-ad71d877771f","SU 23","HCK","320","TTh","12:00 PM - 1:00 PM"
"CSE154 AD","c6a0c79a-9fff-447c-88a9-ad71d877771f","SU 23","SAV","168","TTh","1:10 PM - 2:10 PM"
"CSE154 AE","c6a0c79a-9fff-447c-88a9-ad71d877771f","AU 23","CHL","105","TTh","1:30 PM - 2:20 PM"
"CSE154 AF","c6a0c79a-9fff-447c-88a9-ad71d877771f","AU 23","KNE","220","TTh","2:30 PM - 3:20 PM"
"CSE154 AG","c6a0c79a-9fff-447c-88a9-ad71d877771f","AU 23","LOW","114","TTh","3:30 PM - 4:20 PM"
"CSE154 A","c6a0c79a-9fff-447c-88a9-ad71d877771f","SU 23","JHN","075","MWF","8:30 AM - 9:20 AM"
"CSE154 AA","c6a0c79a-9fff-447c-88a9-ad71d877771f","SU 23","JHN","026","TTh","9:40 AM - 10:40 AM"
"CSE154 AB","c6a0c79a-9fff-447c-88a9-ad71d877771f","SU 23","JHN","026","TTh","10:50 AM - 11:50 AM"
"CSE154 AC","c6a0c79a-9fff-447c-88a9-ad71d877771f","SU 23","HCK","320","TTh","12:00 PM - 1:00 PM"
"CSE154 AD","c6a0c79a-9fff-447c-88a9-ad71d877771f","SU 23","SAV","168","TTh","1:10 PM - 2:10 PM"
"CSE154 AE","c6a0c79a-9fff-447c-88a9-ad71d877771f","AU 23","CHL","105","TTh","1:30 PM - 2:20 PM"
"CSE154 AF","c6a0c79a-9fff-447c-88a9-ad71d877771f","AU 23","KNE","220","TTh","2:30 PM - 3:20 PM"
"CSE154 AG","c6a0c79a-9fff-447c-88a9-ad71d877771f","AU 23","LOW","114","TTh","3:30 PM - 4:20 PM"
"CSE160 A","d4fb41e9-b53f-4093-92a6-2790786144e6","SU 23","SMI","211","MWF","9:40 AM - 10:40 AM"
"CSE160 AA","d4fb41e9-b53f-4093-92a6-2790786144e6","SU 23","DEN","258","Th","9:40 AM - 10:40 AM"
"CSE160 AB","d4fb41e9-b53f-4093-92a6-2790786144e6","SU 23","SAV","131","Th","10:50 AM - 11:50 AM"
"CSE160 AC","d4fb41e9-b53f-4093-92a6-2790786144e6","SU 23","DEM","102","Th","12:00 PM - 1:00 PM"
"CSE160 AD","d4fb41e9-b53f-4093-92a6-2790786144e6","AU 23","DEN","212","Th","12:30 PM - 1:20 PM"
"CSE160 AE","d4fb41e9-b53f-4093-92a6-2790786144e6","AU 23","MEB","251","Th","1:30 PM - 2:20 PM"
"CSE160 AF","d4fb41e9-b53f-4093-92a6-2790786144e6","AU 23","MGH","254","Th","2:30 PM - 3:20 PM"
"CSE160 AG","d4fb41e9-b53f-4093-92a6-2790786144e6","AU 23","MGH","287","Th","3:30 PM - 4:20 PM"
"CSE160 AH","d4fb41e9-b53f-4093-92a6-2790786144e6","AU 23","MGH","238","Th","8:30 AM - 9:20 AM"
"CSE160 A","d4fb41e9-b53f-4093-92a6-2790786144e6","SU 23","SMI","211","MWF","9:40 AM - 10:40 AM"
"CSE160 AA","d4fb41e9-b53f-4093-92a6-2790786144e6","SU 23","DEN","258","Th","9:40 AM - 10:40 AM"
"CSE160 AB","d4fb41e9-b53f-4093-92a6-2790786144e6","SU 23","SAV","131","Th","10:50 AM - 11:50 AM"
"CSE160 AC","d4fb41e9-b53f-4093-92a6-2790786144e6","SU 23","DEM","102","Th","12:00 PM - 1:00 PM"
"CSE160 AD","d4fb41e9-b53f-4093-92a6-2790786144e6","AU 23","DEN","212","Th","12:30 PM - 1:20 PM"
"CSE160 AE","d4fb41e9-b53f-4093-92a6-2790786144e6","AU 23","MEB","251","Th","1:30 PM - 2:20 PM"
"CSE160 AF","d4fb41e9-b53f-4093-92a6-2790786144e6","AU 23","MGH","254","Th","2:30 PM - 3:20 PM"
"CSE160 AG","d4fb41e9-b53f-4093-92a6-2790786144e6","AU 23","MGH","287","Th","3:30 PM - 4:20 PM"
"CSE160 AH","d4fb41e9-b53f-4093-92a6-2790786144e6","AU 23","MGH","238","Th","8:30 AM - 9:20 AM"
"CSE163 A","da10d70f-17a9-4975-ab11-6fd654ffc0c4","SU 23","SAV","260","MWF","1:10 PM - 2:10 PM"
"CSE163 AA","da10d70f-17a9-4975-ab11-6fd654ffc0c4","SU 23","GUG","218","Th","12:00 PM - 12:50 PM"
"CSE163 AB","da10d70f-17a9-4975-ab11-6fd654ffc0c4","SU 23","SAV","155","Th","1:10 PM - 2:10 PM"
"CSE163 AC","da10d70f-17a9-4975-ab11-6fd654ffc0c4","SU 23","SAV","130","Th","2:20 PM - 3:20 PM"
"CSE163 A","da10d70f-17a9-4975-ab11-6fd654ffc0c4","SU 23","SAV","260","MWF","1:10 PM - 2:10 PM"
"CSE163 AA","da10d70f-17a9-4975-ab11-6fd654ffc0c4","SU 23","GUG","218","Th","12:00 PM - 12:50 PM"
"CSE163 AB","da10d70f-17a9-4975-ab11-6fd654ffc0c4","SU 23","SAV","155","Th","1:10 PM - 2:10 PM"
"CSE163 AC","da10d70f-17a9-4975-ab11-6fd654ffc0c4","SU 23","SAV","130","Th","2:20 PM - 3:20 PM"
"CSE311 A","9c4652a2-5702-4f74-8183-b146bbca2041","SU 23","DEM","102","MWF","12:00 PM - 1:00 PM"
"CSE311 AA","9c4652a2-5702-4f74-8183-b146bbca2041","SU 23","BAG","131","Th","12:00 PM - 1:00 PM"
"CSE311 AB","9c4652a2-5702-4f74-8183-b146bbca2041","SU 23","BAG","131","Th","1:10 PM - 2:10 PM"
"CSE311 AC","9c4652a2-5702-4f74-8183-b146bbca2041","AU 23","MGH","271","Th","11:30 AM - 12:20 PM"
"CSE311 AD","9c4652a2-5702-4f74-8183-b146bbca2041","AU 23","ART","317","Th","12:30 PM - 1:20 PM"
"CSE311 AE","9c4652a2-5702-4f74-8183-b146bbca2041","AU 23","ECE","042","Th","12:30 PM - 1:20 PM"
"CSE311 AF","9c4652a2-5702-4f74-8183-b146bbca2041","AU 23","SAV","156","Th","1:30 PM - 2:20 PM"
"CSE311 AG","9c4652a2-5702-4f74-8183-b146bbca2041","AU 23","SAV","139","Th","2:30 PM - 3:20 PM"
"CSE311 B","9c4652a2-5702-4f74-8183-b146bbca2041","AU 23","CSE2","G20","MWF","1:30 PM - 2:20 PM"
"CSE311 BA","9c4652a2-5702-4f74-8183-b146bbca2041","AU 23","MGH","251","Th","11:30 AM - 12:20 PM"
"CSE311 BB","9c4652a2-5702-4f74-8183-b146bbca2041","AU 23","SAV","156","Th","12:30 PM - 1:20 PM"
"CSE311 BC","9c4652a2-5702-4f74-8183-b146bbca2041","AU 23","MGH","287","Th","1:30 PM - 2:20 PM"
"CSE311 BD","9c4652a2-5702-4f74-8183-b146bbca2041","AU 23","MGH","251","Th","2:30 PM - 3:20 PM"
"CSE311 BE","9c4652a2-5702-4f74-8183-b146bbca2041","AU 23","SAV","136","Th","12:30 PM - 1:20 PM"
"CSE311 BF","9c4652a2-5702-4f74-8183-b146bbca2041","AU 23","MGH","242","Th","1:30 PM - 2:20 PM"
"CSE311 BG","9c4652a2-5702-4f74-8183-b146bbca2041","AU 23","MGH","287","Th","2:30 PM - 3:20 PM"
"CSE311 A","9c4652a2-5702-4f74-8183-b146bbca2041","SU 23","DEM","102","MWF","12:00 PM - 1:00 PM"
"CSE311 AA","9c4652a2-5702-4f74-8183-b146bbca2041","SU 23","BAG","131","Th","12:00 PM - 1:00 PM"
"CSE311 AB","9c4652a2-5702-4f74-8183-b146bbca2041","SU 23","BAG","131","Th","1:10 PM - 2:10 PM"
"CSE311 AC","9c4652a2-5702-4f74-8183-b146bbca2041","AU 23","MGH","271","Th","11:30 AM - 12:20 PM"
"CSE311 AD","9c4652a2-5702-4f74-8183-b146bbca2041","AU 23","ART","317","Th","12:30 PM - 1:20 PM"
"CSE311 AE","9c4652a2-5702-4f74-8183-b146bbca2041","AU 23","ECE","042","Th","12:30 PM - 1:20 PM"
"CSE311 AF","9c4652a2-5702-4f74-8183-b146bbca2041","AU 23","SAV","156","Th","1:30 PM - 2:20 PM"
"CSE311 AG","9c4652a2-5702-4f74-8183-b146bbca2041","AU 23","SAV","139","Th","2:30 PM - 3:20 PM"
"CSE311 B","9c4652a2-5702-4f74-8183-b146bbca2041","AU 23","CSE2","G20","MWF","1:30 PM - 2:20 PM"
"CSE311 BA","9c4652a2-5702-4f74-8183-b146bbca2041","AU 23","MGH","251","Th","11:30 AM - 12:20 PM"
"CSE311 BB","9c4652a2-5702-4f74-8183-b146bbca2041","AU 23","SAV","156","Th","12:30 PM - 1:20 PM"
"CSE311 BC","9c4652a2-5702-4f74-8183-b146bbca2041","AU 23","MGH","287","Th","1:30 PM - 2:20 PM"
"CSE311 BD","9c4652a2-5702-4f74-8183-b146bbca2041","AU 23","MGH","251","Th","2:30 PM - 3:20 PM"
"CSE311 BE","9c4652a2-5702-4f74-8183-b146bbca2041","AU 23","SAV","136","Th","12:30 PM - 1:20 PM"
"CSE311 BF","9c4652a2-5702-4f74-8183-b146bbca2041","AU 23","MGH","242","Th","1:30 PM - 2:20 PM"
"CSE311 BG","9c4652a2-5702-4f74-8183-b146bbca2041","AU 23","MGH","287","Th","2:30 PM - 3:20 PM"
"CSE312 A","eabcdd6e-3e41-4282-827c-1bea26086781","SU 23","SMI","120","MWF","12:00 PM - 1:00 PM"
"CSE312 AA","eabcdd6e-3e41-4282-827c-1bea26086781","SU 23","SAV","264","Th","12:00 PM - 1:00 PM"
"CSE312 AB","eabcdd6e-3e41-4282-827c-1bea26086781","SU 23","JHN","026","Th","12:00 PM - 1:00 PM"
"CSE312 AC","eabcdd6e-3e41-4282-827c-1bea26086781","AU 23","CMU","B006","Th","11:30 AM - 12:20 PM"
"CSE312 AD","eabcdd6e-3e41-4282-827c-1bea26086781","AU 23","ARC","G070","Th","12:30 PM - 1:20 PM"
"CSE312 AE","eabcdd6e-3e41-4282-827c-1bea26086781","AU 23","SAV","132","Th","1:30 PM - 2:20 PM"
"CSE312 AF","eabcdd6e-3e41-4282-827c-1bea26086781","AU 23","SAV","168","Th","2:30 PM - 3:20 PM"
"CSE312 A","eabcdd6e-3e41-4282-827c-1bea26086781","SU 23","SMI","120","MWF","12:00 PM - 1:00 PM"
"CSE312 AA","eabcdd6e-3e41-4282-827c-1bea26086781","SU 23","SAV","264","Th","12:00 PM - 1:00 PM"
"CSE312 AB","eabcdd6e-3e41-4282-827c-1bea26086781","SU 23","JHN","026","Th","12:00 PM - 1:00 PM"
"CSE312 AC","eabcdd6e-3e41-4282-827c-1bea26086781","AU 23","CMU","B006","Th","11:30 AM - 12:20 PM"
"CSE312 AD","eabcdd6e-3e41-4282-827c-1bea26086781","AU 23","ARC","G070","Th","12:30 PM - 1:20 PM"
"CSE312 AE","eabcdd6e-3e41-4282-827c-1bea26086781","AU 23","SAV","132","Th","1:30 PM - 2:20 PM"
"CSE312 AF","eabcdd6e-3e41-4282-827c-1bea26086781","AU 23","SAV","168","Th","2:30 PM - 3:20 PM"
"CSE331 A","7cc9b193-b8ca-4c16-8be6-9f260e6c1d58","SU 23","MUE","153","MWF","10:50 AM - 11:50 AM"
"CSE331 AA","7cc9b193-b8ca-4c16-8be6-9f260e6c1d58","SU 23","ECE","105","Th","1:10 PM - 2:10 PM"
"CSE331 AB","7cc9b193-b8ca-4c16-8be6-9f260e6c1d58","SU 23","SAV","130","Th","1:10 PM - 2:10 PM"
"CSE331 AC","7cc9b193-b8ca-4c16-8be6-9f260e6c1d58","AU 23","MOR","221","Th","12:30 PM - 1:20 PM"
"CSE331 AD","7cc9b193-b8ca-4c16-8be6-9f260e6c1d58","AU 23","MOR","234","Th","1:30 PM - 2:20 PM"
"CSE331 AE","7cc9b193-b8ca-4c16-8be6-9f260e6c1d58","AU 23","SIG","230","Th","2:30 PM - 3:20 PM"
"CSE331 B","7cc9b193-b8ca-4c16-8be6-9f260e6c1d58","AU 23","CSE2","G01","MWF","10:30 AM - 11:20 AM"
"CSE331 BA","7cc9b193-b8ca-4c16-8be6-9f260e6c1d58","AU 23","ECE","031","Th","8:30 AM - 9:20 AM"
"CSE331 BB","7cc9b193-b8ca-4c16-8be6-9f260e6c1d58","AU 23","ECE","031","Th","9:30 AM - 10:20 AM"
"CSE331 BC","7cc9b193-b8ca-4c16-8be6-9f260e6c1d58","AU 23","ECE","031","Th","10:30 AM - 11:20 AM"
"CSE331 BD","7cc9b193-b8ca-4c16-8be6-9f260e6c1d58","AU 23","ECE","054","Th","11:30 AM - 12:20 PM"
"CSE331 A","7cc9b193-b8ca-4c16-8be6-9f260e6c1d58","SU 23","MUE","153","MWF","10:50 AM - 11:50 AM"
"CSE331 AA","7cc9b193-b8ca-4c16-8be6-9f260e6c1d58","SU 23","ECE","105","Th","1:10 PM - 2:10 PM"
"CSE331 AB","7cc9b193-b8ca-4c16-8be6-9f260e6c1d58","SU 23","SAV","130","Th","1:10 PM - 2:10 PM"
"CSE331 AC","7cc9b193-b8ca-4c16-8be6-9f260e6c1d58","AU 23","MOR","221","Th","12:30 PM - 1:20 PM"
"CSE331 AD","7cc9b193-b8ca-4c16-8be6-9f260e6c1d58","AU 23","MOR","234","Th","1:30 PM - 2:20 PM"
"CSE331 AE","7cc9b193-b8ca-4c16-8be6-9f260e6c1d58","AU 23","SIG","230","Th","2:30 PM - 3:20 PM"
"CSE331 B","7cc9b193-b8ca-4c16-8be6-9f260e6c1d58","AU 23","CSE2","G01","MWF","10:30 AM - 11:20 AM"
"CSE331 BA","7cc9b193-b8ca-4c16-8be6-9f260e6c1d58","AU 23","ECE","031","Th","8:30 AM - 9:20 AM"
"CSE331 BB","7cc9b193-b8ca-4c16-8be6-9f260e6c1d58","AU 23","ECE","031","Th","9:30 AM - 10:20 AM"
"CSE331 BC","7cc9b193-b8ca-4c16-8be6-9f260e6c1d58","AU 23","ECE","031","Th","10:30 AM - 11:20 AM"
"CSE331 BD","7cc9b193-b8ca-4c16-8be6-9f260e6c1d58","AU 23","ECE","054","Th","11:30 AM - 12:20 PM"
"CSE332 A","9f0283ac-b8f0-46cc-834e-2d6cb06573cb","SU 23","JHN","075","MWF","9:40 AM - 10:40 AM"
"CSE332 AA","9f0283ac-b8f0-46cc-834e-2d6cb06573cb","SU 23","SAV","131","Th","9:40 AM - 10:40 AM"
"CSE332 AB","9f0283ac-b8f0-46cc-834e-2d6cb06573cb","SU 23","SAV","130","Th","9:40 AM - 10:40 AM"
"CSE332 AC","9f0283ac-b8f0-46cc-834e-2d6cb06573cb","SU 23","GUG","218","Th","10:50 AM - 11:50 AM"
"CSE332 AD","9f0283ac-b8f0-46cc-834e-2d6cb06573cb","AU 23","DEN","113","Th","3:30 PM - 4:20 PM"
"CSE332 AE","9f0283ac-b8f0-46cc-834e-2d6cb06573cb","AU 23","SAV","168","Th","11:30 AM - 12:20 PM"
"CSE332 A","9f0283ac-b8f0-46cc-834e-2d6cb06573cb","SU 23","JHN","075","MWF","9:40 AM - 10:40 AM"
"CSE332 AA","9f0283ac-b8f0-46cc-834e-2d6cb06573cb","SU 23","SAV","131","Th","9:40 AM - 10:40 AM"
"CSE332 AB","9f0283ac-b8f0-46cc-834e-2d6cb06573cb","SU 23","SAV","130","Th","9:40 AM - 10:40 AM"
"CSE332 AC","9f0283ac-b8f0-46cc-834e-2d6cb06573cb","SU 23","GUG","218","Th","10:50 AM - 11:50 AM"
"CSE332 AD","9f0283ac-b8f0-46cc-834e-2d6cb06573cb","AU 23","DEN","113","Th","3:30 PM - 4:20 PM"
"CSE332 AE","9f0283ac-b8f0-46cc-834e-2d6cb06573cb","AU 23","SAV","168","Th","11:30 AM - 12:20 PM"
"CSE333 A","8c8b7cad-07a8-413b-8623-e407510f5b8c","SU 23","THO","125","MWF","1:10 PM - 2:10 PM"
"CSE333 AA","8c8b7cad-07a8-413b-8623-e407510f5b8c","SU 23","ECE","105","Th","10:50 AM - 11:50 AM"
"CSE333 AB","8c8b7cad-07a8-413b-8623-e407510f5b8c","SU 23","SAV","264","Th","10:50 AM - 11:50 AM"
"CSE333 AC","8c8b7cad-07a8-413b-8623-e407510f5b8c","AU 23","ECE","042","Th","10:30 AM - 11:20 AM"
"CSE333 AD","8c8b7cad-07a8-413b-8623-e407510f5b8c","AU 23","LOW","101","Th","11:30 AM - 12:20 PM"
"CSE333 AE","8c8b7cad-07a8-413b-8623-e407510f5b8c","AU 23","ECE","025","Th","12:30 PM - 1:20 PM"
"CSE333 A","8c8b7cad-07a8-413b-8623-e407510f5b8c","SU 23","THO","125","MWF","1:10 PM - 2:10 PM"
"CSE333 AA","8c8b7cad-07a8-413b-8623-e407510f5b8c","SU 23","ECE","105","Th","10:50 AM - 11:50 AM"
"CSE333 AB","8c8b7cad-07a8-413b-8623-e407510f5b8c","SU 23","SAV","264","Th","10:50 AM - 11:50 AM"
"CSE333 AC","8c8b7cad-07a8-413b-8623-e407510f5b8c","AU 23","ECE","042","Th","10:30 AM - 11:20 AM"
"CSE333 AD","8c8b7cad-07a8-413b-8623-e407510f5b8c","AU 23","LOW","101","Th","11:30 AM - 12:20 PM"
"CSE333 AE","8c8b7cad-07a8-413b-8623-e407510f5b8c","AU 23","ECE","025","Th","12:30 PM - 1:20 PM"
"CSE344 A","02a5a416-3b3d-4ae6-92c9-4ef0b9075c0d","SU 23","ARC","147","MWF","2:20 PM - 3:20 PM"
"CSE344 AA","02a5a416-3b3d-4ae6-92c9-4ef0b9075c0d","SU 23","BAG","131","Th","2:20 PM - 3:20 PM"
"CSE344 AB","02a5a416-3b3d-4ae6-92c9-4ef0b9075c0d","SU 23","JHN","026","Th","1:10 PM - 2:10 PM"
"CSE344 AC","02a5a416-3b3d-4ae6-92c9-4ef0b9075c0d","AU 23","MGH","242","Th","11:30 AM - 12:20 PM"
"CSE344 AD","02a5a416-3b3d-4ae6-92c9-4ef0b9075c0d","AU 23","MGH","242","Th","12:30 PM - 1:20 PM"
"CSE344 AE","02a5a416-3b3d-4ae6-92c9-4ef0b9075c0d","AU 23","MGH","228","Th","8:30 AM - 9:20 AM"
"CSE344 A","02a5a416-3b3d-4ae6-92c9-4ef0b9075c0d","SU 23","ARC","147","MWF","2:20 PM - 3:20 PM"
"CSE344 AA","02a5a416-3b3d-4ae6-92c9-4ef0b9075c0d","SU 23","BAG","131","Th","2:20 PM - 3:20 PM"
"CSE344 AB","02a5a416-3b3d-4ae6-92c9-4ef0b9075c0d","SU 23","JHN","026","Th","1:10 PM - 2:10 PM"
"CSE344 AC","02a5a416-3b3d-4ae6-92c9-4ef0b9075c0d","AU 23","MGH","242","Th","11:30 AM - 12:20 PM"
"CSE344 AD","02a5a416-3b3d-4ae6-92c9-4ef0b9075c0d","AU 23","MGH","242","Th","12:30 PM - 1:20 PM"
"CSE344 AE","02a5a416-3b3d-4ae6-92c9-4ef0b9075c0d","AU 23","MGH","228","Th","8:30 AM - 9:20 AM"
"CSE351 A","04c9372d-6922-4bd9-9be7-90a6a8c81ffb","SU 23","GWN","201","MWF","1:10 PM - 2:10 PM"
"CSE351 AA","04c9372d-6922-4bd9-9be7-90a6a8c81ffb","SU 23","PCAR","192","Th","10:50 AM - 11:50 AM"
"CSE351 AB","04c9372d-6922-4bd9-9be7-90a6a8c81ffb","SU 23","MUE","155","Th","12:00 PM - 1:00 PM"
"CSE351 AC","04c9372d-6922-4bd9-9be7-90a6a8c81ffb","AU 23","CMU","B006","Th","10:30 AM - 11:20 AM"
"CSE351 AD","04c9372d-6922-4bd9-9be7-90a6a8c81ffb","AU 23","LOW","102","Th","11:30 AM - 12:20 PM"
"CSE351 AE","04c9372d-6922-4bd9-9be7-90a6a8c81ffb","AU 23","SIG","226","Th","12:30 PM - 1:20 PM"
"CSE351 AF","04c9372d-6922-4bd9-9be7-90a6a8c81ffb","AU 23","RAI","116","Th","11:30 AM - 12:20 PM"
"CSE351 AG","04c9372d-6922-4bd9-9be7-90a6a8c81ffb","AU 23","JHN","026","Th","10:30 AM - 11:20 AM"
"CSE351 AH","04c9372d-6922-4bd9-9be7-90a6a8c81ffb","AU 23","SIG","226","Th","1:30 PM - 2:20 PM"
"CSE351 B","04c9372d-6922-4bd9-9be7-90a6a8c81ffb","AU 23","THO","101","MWF","12:30 PM - 1:20 PM"
"CSE351 BA","04c9372d-6922-4bd9-9be7-90a6a8c81ffb","AU 23","MGH","238","Th","12:30 PM - 1:20 PM"
"CSE351 BB","04c9372d-6922-4bd9-9be7-90a6a8c81ffb","AU 23","MGH","254","Th","1:30 PM - 2:20 PM"
"CSE351 BC","04c9372d-6922-4bd9-9be7-90a6a8c81ffb","AU 23","SAV","156","Th","2:30 PM - 3:20 PM"
"CSE351 BD","04c9372d-6922-4bd9-9be7-90a6a8c81ffb","AU 23","SIG","230","Th","3:30 PM - 4:20 PM"
"CSE351 C","04c9372d-6922-4bd9-9be7-90a6a8c81ffb","AU 23","CSE2","G20","MWF","11:30 AM - 12:20 PM"
"CSE351 CA","04c9372d-6922-4bd9-9be7-90a6a8c81ffb","AU 23","ECE","025","Th","8:30 AM - 9:20 AM"
"CSE351 CB","04c9372d-6922-4bd9-9be7-90a6a8c81ffb","AU 23","MOR","221","Th","9:30 AM - 10:20 AM"
"CSE351 CC","04c9372d-6922-4bd9-9be7-90a6a8c81ffb","AU 23","CMU","B006","Th","10:30 AM - 11:20 AM"
"CSE351 CD","04c9372d-6922-4bd9-9be7-90a6a8c81ffb","AU 23","LOW","102","Th","11:30 AM - 12:20 PM"
"CSE351 CE","04c9372d-6922-4bd9-9be7-90a6a8c81ffb","AU 23","SIG","226","Th","12:30 PM - 1:20 PM"
"CSE351 CF","04c9372d-6922-4bd9-9be7-90a6a8c81ffb","AU 23","RAI","116","Th","11:30 AM - 12:20 PM"
"CSE351 CG","04c9372d-6922-4bd9-9be7-90a6a8c81ffb","AU 23","JHN","026","Th","10:30 AM - 11:20 AM"
"CSE351 CH","04c9372d-6922-4bd9-9be7-90a6a8c81ffb","AU 23","SIG","226","Th","1:30 PM - 2:20 PM"
"CSE351 D","04c9372d-6922-4bd9-9be7-90a6a8c81ffb","AU 23","THO","101","MWF","12:30 PM - 1:20 PM"
"CSE351 DA","04c9372d-6922-4bd9-9be7-90a6a8c81ffb","AU 23","MGH","238","Th","12:30 PM - 1:20 PM"
"CSE351 DB","04c9372d-6922-4bd9-9be7-90a6a8c81ffb","AU 23","MGH","254","Th","1:30 PM - 2:20 PM"
"CSE351 DC","04c9372d-6922-4bd9-9be7-90a6a8c81ffb","AU 23","SAV","156","Th","2:30 PM - 3:20 PM"
"CSE351 DD","04c9372d-6922-4bd9-9be7-90a6a8c81ffb","AU 23","SIG","230","Th","3:30 PM - 4:20 PM"
"CSE351 A","04c9372d-6922-4bd9-9be7-90a6a8c81ffb","SU 23","GWN","201","MWF","1:10 PM - 2:10 PM"
"CSE351 AA","04c9372d-6922-4bd9-9be7-90a6a8c81ffb","SU 23","PCAR","192","Th","10:50 AM - 11:50 AM"
"CSE351 AB","04c9372d-6922-4bd9-9be7-90a6a8c81ffb","SU 23","MUE","155","Th","12:00 PM - 1:00 PM"
"CSE351 AC","04c9372d-6922-4bd9-9be7-90a6a8c81ffb","AU 23","CMU","B006","Th","10:30 AM - 11:20 AM"
"CSE351 AD","04c9372d-6922-4bd9-9be7-90a6a8c81ffb","AU 23","LOW","102","Th","11:30 AM - 12:20 PM"
"CSE351 AE","04c9372d-6922-4bd9-9be7-90a6a8c81ffb","AU 23","SIG","226","Th","12:30 PM - 1:20 PM"
"CSE351 AF","04c9372d-6922-4bd9-9be7-90a6a8c81ffb","AU 23","RAI","116","Th","11:30 AM - 12:20 PM"
"CSE351 AG","04c9372d-6922-4bd9-9be7-90a6a8c81ffb","AU 23","JHN","026","Th","10:30 AM - 11:20 AM"
"CSE351 AH","04c9372d-6922-4bd9-9be7-90a6a8c81ffb","AU 23","SIG","226","Th","1:30 PM - 2:20 PM"
"CSE351 B","04c9372d-6922-4bd9-9be7-90a6a8c81ffb","AU 23","THO","101","MWF","12:30 PM - 1:20 PM"
"CSE351 BA","04c9372d-6922-4bd9-9be7-90a6a8c81ffb","AU 23","MGH","238","Th","12:30 PM - 1:20 PM"
"CSE351 BB","04c9372d-6922-4bd9-9be7-90a6a8c81ffb","AU 23","MGH","254","Th","1:30 PM - 2:20 PM"
"CSE351 BC","04c9372d-6922-4bd9-9be7-90a6a8c81ffb","AU 23","SAV","156","Th","2:30 PM - 3:20 PM"
"CSE351 BD","04c9372d-6922-4bd9-9be7-90a6a8c81ffb","AU 23","SIG","230","Th","3:30 PM - 4:20 PM"
"CSE351 C","04c9372d-6922-4bd9-9be7-90a6a8c81ffb","AU 23","CSE2","G20","MWF","11:30 AM - 12:20 PM"
"CSE351 CA","04c9372d-6922-4bd9-9be7-90a6a8c81ffb","AU 23","ECE","025","Th","8:30 AM - 9:20 AM"
"CSE351 CB","04c9372d-6922-4bd9-9be7-90a6a8c81ffb","AU 23","MOR","221","Th","9:30 AM - 10:20 AM"
"CSE351 CC","04c9372d-6922-4bd9-9be7-90a6a8c81ffb","AU 23","CMU","B006","Th","10:30 AM - 11:20 AM"
"CSE351 CD","04c9372d-6922-4bd9-9be7-90a6a8c81ffb","AU 23","LOW","102","Th","11:30 AM - 12:20 PM"
"CSE351 CE","04c9372d-6922-4bd9-9be7-90a6a8c81ffb","AU 23","SIG","226","Th","12:30 PM - 1:20 PM"
"CSE351 CF","04c9372d-6922-4bd9-9be7-90a6a8c81ffb","AU 23","RAI","116","Th","11:30 AM - 12:20 PM"
"CSE351 CG","04c9372d-6922-4bd9-9be7-90a6a8c81ffb","AU 23","JHN","026","Th","10:30 AM - 11:20 AM"
"CSE351 CH","04c9372d-6922-4bd9-9be7-90a6a8c81ffb","AU 23","SIG","226","Th","1:30 PM - 2:20 PM"
"CSE351 D","04c9372d-6922-4bd9-9be7-90a6a8c81ffb","AU 23","THO","101","MWF","12:30 PM - 1:20 PM"
"CSE351 DA","04c9372d-6922-4bd9-9be7-90a6a8c81ffb","AU 23","MGH","238","Th","12:30 PM - 1:20 PM"
"CSE351 DB","04c9372d-6922-4bd9-9be7-90a6a8c81ffb","AU 23","MGH","254","Th","1:30 PM - 2:20 PM"
"CSE351 DC","04c9372d-6922-4bd9-9be7-90a6a8c81ffb","AU 23","SAV","156","Th","2:30 PM - 3:20 PM"
"CSE351 DD","04c9372d-6922-4bd9-9be7-90a6a8c81ffb","AU 23","SIG","230","Th","3:30 PM - 4:20 PM"
"EE 371 A","738ba1a5-8b77-4ba1-b122-91d6d1c3b364","SU 23","ECE","269","TTh","10:50 AM - 1:00 PM"
"EE 371 A","738ba1a5-8b77-4ba1-b122-91d6d1c3b364","SU 23","ECE","269","TTh","10:50 AM - 1:00 PM"
"CSE373 A","7208dc05-e2a7-4064-b3fc-3e5e182472cb","SU 23","SMI","120","MWF","1:10 PM - 2:10 PM"
"CSE373 AA","7208dc05-e2a7-4064-b3fc-3e5e182472cb","SU 23","ECE","105","Th","12:00 PM - 1:00 PM"
"CSE373 AB","7208dc05-e2a7-4064-b3fc-3e5e182472cb","SU 23","GWN","301","Th","1:10 PM - 2:10 PM"
"CSE373 AC","7208dc05-e2a7-4064-b3fc-3e5e182472cb","SU 23","ARC","160","Th","1:10 PM - 2:10 PM"
"CSE373 AD","7208dc05-e2a7-4064-b3fc-3e5e182472cb","SU 23","ARC","160","Th","2:20 PM - 3:20 PM"
"CSE373 AE","7208dc05-e2a7-4064-b3fc-3e5e182472cb","SU 23","MLR","301","Th","10:50 AM - 11:50 AM"
"CSE373 AF","7208dc05-e2a7-4064-b3fc-3e5e182472cb","AU 23","SAV","155","Th","3:30 PM - 4:20 PM"
"CSE373 AG","7208dc05-e2a7-4064-b3fc-3e5e182472cb","AU 23","MGH","242","Th","8:30 AM - 9:20 AM"
"CSE373 AH","7208dc05-e2a7-4064-b3fc-3e5e182472cb","AU 23","MOR","225","Th","12:30 PM - 1:20 PM"
"CSE373 AI","7208dc05-e2a7-4064-b3fc-3e5e182472cb","AU 23","DEN","258","Th","3:30 PM - 4:20 PM"
"CSE373 AJ","7208dc05-e2a7-4064-b3fc-3e5e182472cb","AU 23","MGH","242","Th","2:30 PM - 3:20 PM"
"CSE373 A","7208dc05-e2a7-4064-b3fc-3e5e182472cb","SU 23","SMI","120","MWF","1:10 PM - 2:10 PM"
"CSE373 AA","7208dc05-e2a7-4064-b3fc-3e5e182472cb","SU 23","ECE","105","Th","12:00 PM - 1:00 PM"
"CSE373 AB","7208dc05-e2a7-4064-b3fc-3e5e182472cb","SU 23","GWN","301","Th","1:10 PM - 2:10 PM"
"CSE373 AC","7208dc05-e2a7-4064-b3fc-3e5e182472cb","SU 23","ARC","160","Th","1:10 PM - 2:10 PM"
"CSE373 AD","7208dc05-e2a7-4064-b3fc-3e5e182472cb","SU 23","ARC","160","Th","2:20 PM - 3:20 PM"
"CSE373 AE","7208dc05-e2a7-4064-b3fc-3e5e182472cb","SU 23","MLR","301","Th","10:50 AM - 11:50 AM"
"CSE373 AF","7208dc05-e2a7-4064-b3fc-3e5e182472cb","AU 23","SAV","155","Th","3:30 PM - 4:20 PM"
"CSE373 AG","7208dc05-e2a7-4064-b3fc-3e5e182472cb","AU 23","MGH","242","Th","8:30 AM - 9:20 AM"
"CSE373 AH","7208dc05-e2a7-4064-b3fc-3e5e182472cb","AU 23","MOR","225","Th","12:30 PM - 1:20 PM"
"CSE373 AI","7208dc05-e2a7-4064-b3fc-3e5e182472cb","AU 23","DEN","258","Th","3:30 PM - 4:20 PM"
"CSE373 AJ","7208dc05-e2a7-4064-b3fc-3e5e182472cb","AU 23","MGH","242","Th","2:30 PM - 3:20 PM"
"CSE374 A","a0a9aae3-5fe3-421c-81e1-fa572fdd0103","SU 23","SMI","120","MWF","10:50 AM - 11:50 AM"
"CSE374 A","a0a9aae3-5fe3-421c-81e1-fa572fdd0103","SU 23","SMI","120","MWF","10:50 AM - 11:50 AM"
"CSE391 A","6b05d45b-358d-46c3-898e-7096e8fa9a7e","SU 23","CDH","139","T","10:50 AM - 11:50 AM"
"CSE391 B","6b05d45b-358d-46c3-898e-7096e8fa9a7e","AU 23","CSE2","G20","T","1:30 PM - 2:20 PM"
"CSE391 A","6b05d45b-358d-46c3-898e-7096e8fa9a7e","SU 23","CDH","139","T","10:50 AM - 11:50 AM"
"CSE391 B","6b05d45b-358d-46c3-898e-7096e8fa9a7e","AU 23","CSE2","G20","T","1:30 PM - 2:20 PM"
"CSE416 A","192e1424-5117-4c02-a3b2-3aaf4c3c3bb6","SU 23","ECE","105","MW","3:10 PM - 4:50 PM"
"CSE416 AA","192e1424-5117-4c02-a3b2-3aaf4c3c3bb6","SU 23","SAV","164","Th","9:40 AM - 10:40 AM"
"CSE416 AB","192e1424-5117-4c02-a3b2-3aaf4c3c3bb6","SU 23","THO","331","Th","10:50 AM - 11:50 AM"
"CSE416 AC","192e1424-5117-4c02-a3b2-3aaf4c3c3bb6","SU 23","THO","331","Th","12:00 PM - 1:00 PM"
"CSE416 AD","192e1424-5117-4c02-a3b2-3aaf4c3c3bb6","SU 23","SAV","157","Th","1:10 PM - 2:10 PM"
"CSE416 AE","192e1424-5117-4c02-a3b2-3aaf4c3c3bb6","SU 23","SAV","157","Th","2:20 PM - 3:20 PM"
"CSE416 AF","192e1424-5117-4c02-a3b2-3aaf4c3c3bb6","SU 23","SAV","162","Th","1:10 PM - 2:10 PM"
"CSE416 AG","192e1424-5117-4c02-a3b2-3aaf4c3c3bb6","AU 23","DEN","110","Th","3:30 PM - 4:20 PM"
"CSE416 AH","192e1424-5117-4c02-a3b2-3aaf4c3c3bb6","AU 23","DEN","210","Th","12:30 PM - 1:20 PM"
"CSE416 A","192e1424-5117-4c02-a3b2-3aaf4c3c3bb6","SU 23","ECE","105","MW","3:10 PM - 4:50 PM"
"CSE416 AA","192e1424-5117-4c02-a3b2-3aaf4c3c3bb6","SU 23","SAV","164","Th","9:40 AM - 10:40 AM"
"CSE416 AB","192e1424-5117-4c02-a3b2-3aaf4c3c3bb6","SU 23","THO","331","Th","10:50 AM - 11:50 AM"
"CSE416 AC","192e1424-5117-4c02-a3b2-3aaf4c3c3bb6","SU 23","THO","331","Th","12:00 PM - 1:00 PM"
"CSE416 AD","192e1424-5117-4c02-a3b2-3aaf4c3c3bb6","SU 23","SAV","157","Th","1:10 PM - 2:10 PM"
"CSE416 AE","192e1424-5117-4c02-a3b2-3aaf4c3c3bb6","SU 23","SAV","157","Th","2:20 PM - 3:20 PM"
"CSE416 AF","192e1424-5117-4c02-a3b2-3aaf4c3c3bb6","SU 23","SAV","162","Th","1:10 PM - 2:10 PM"
"CSE416 AG","192e1424-5117-4c02-a3b2-3aaf4c3c3bb6","AU 23","DEN","110","Th","3:30 PM - 4:20 PM"
"CSE416 AH","192e1424-5117-4c02-a3b2-3aaf4c3c3bb6","AU 23","DEN","210","Th","12:30 PM - 1:20 PM"
"CSE474 A","f083f25a-7a01-47da-87d2-38967b7a26b8","SU 23","SIG","225","TTh","10:50 AM - 1:00 PM"
"CSE474 A","f083f25a-7a01-47da-87d2-38967b7a26b8","SU 23","SIG","225","TTh","10:50 AM - 1:00 PM"
"CSE490 A","fe57f558-40a4-472e-ad18-5d954661a2e0","SU 23","null","null","TTh","10:30 AM - 12:30 PM"
"CSE490 B","fe57f558-40a4-472e-ad18-5d954661a2e0","SU 23","null","null","TTh","10:30 AM - 12:20 PM"
"CSE490 A","fe57f558-40a4-472e-ad18-5d954661a2e0","SU 23","null","null","TTh","10:30 AM - 12:30 PM"
"CSE490 B","fe57f558-40a4-472e-ad18-5d954661a2e0","SU 23","null","null","TTh","10:30 AM - 12:20 PM"
"CSE490 A","fe57f558-40a4-472e-ad18-5d954661a2e0","SU 23","null","null","TTh","10:30 AM - 12:30 PM"
"CSE490 B","fe57f558-40a4-472e-ad18-5d954661a2e0","SU 23","null","null","TTh","10:30 AM - 12:20 PM"
"CSE496 A","422e4afa-74b9-4e25-b320-c484d16f0c23","SU 23","null","null","null","null"
"CSE496 A","422e4afa-74b9-4e25-b320-c484d16f0c23","SU 23","null","null","null","null"
"CSE498 A","bdffea95-f8fb-48da-ade5-3dc19357d010","SU 23","null","null","null","null"
"CSE498 A","bdffea95-f8fb-48da-ade5-3dc19357d010","SU 23","null","null","null","null"
"CSE499 A","e0ba37e9-1ddf-4fae-873b-0c5c590b14c8","SU 23","null","null","null","null"
"CSE499 A","e0ba37e9-1ddf-4fae-873b-0c5c590b14c8","SU 23","null","null","null","null"
"CSE600 A","1bbc1079-041d-4eaa-8462-af7b7053f3b5","SU 23","null","null","null","null"
"CSE600 A","1bbc1079-041d-4eaa-8462-af7b7053f3b5","SU 23","null","null","null","null"
"CSE601 A","e1f305c6-095e-4dcf-939d-79cf6e06eb7e","SU 23","null","null","null","null"
"CSE601 A","e1f305c6-095e-4dcf-939d-79cf6e06eb7e","SU 23","null","null","null","null"
"CSE700 A","88c5952e-40a6-402f-a9a3-0200e5538998","SU 23","null","null","null","null"
"CSE700 A","88c5952e-40a6-402f-a9a3-0200e5538998","SU 23","null","null","null","null"
"CSE800 A","62b11fec-fd97-40d2-bde2-5fbc25400537","SU 23","null","null","null","null"
"CSE800 A","62b11fec-fd97-40d2-bde2-5fbc25400537","SU 23","null","null","null","null"